Workbook

Sheet Artist Profile Data (Weekly)
A1: TPI Flag | B1: Week # | C1: Date | D1: <<>> | E1: Artist Name | F1: Country | G1: Genre | H1: Label | I1: Viberate Rank | J1: Spotify Rank | K1: Spotify Followers Total | L1: Spotify Streams Total | M1: Spotify Monthly Listeners Total | N1: Spotify Playlist Reach Total | O1: YouTube Rank | P1: YouTube Subscribers Total | Q1: YouTube Views Total | R1: YouTube Likes Total | S1: Social Rank | T1: TikTok Followers Total | U1: Instagram Followers Total | V1: Facebook Followers Total | W1: Deezer Fans Total | X1: SoundCloud Followers Total | Y1: Radio Airplay Rank | Z1: Beatport Rank | AA1: Beatport Tracks Total | AB1: Beatport Tracks in Top 100 Total | AC1: Beatport Days in Top 100 Total | AD1: Beatport Track Performance Points Total
A2: =_xlfn.XLOOKUP(E2,Lookups!$E:$E,Lookups!$F:$F,0) -> 0 | B2: 1 | C2: 2026-07-03 | E2: William Last KRM | F2: South Africa | G2: Hip Hop | H2: N/A | I2: 553 | J2: 113603 | K2: 48057 | L2: 6267875 | M2: 38782 | N2: 172378 | O2: 884 | P2: 3330000 | Q2: 1623986472 | R2: 53101116 | S2: 46 | T2: 31309236 | U2: 11966741 | V2: 12384786 | W2: 2505 | X2: 396 | Y2: 63835 | Z2: 66845 | AA2: 21 | AB2: 0 | AC2: 0 | AD2: 14.602268
A3: =_xlfn.XLOOKUP(E3,Lookups!$E:$E,Lookups!$F:$F,0) -> 1 | B3: 1 | C3: 2026-07-03 | E3: DJ Maphorisa | F3: South Africa | G3: Electronic | H3: Big Indie Labels, Sony Music Entertainment, Universal Music Group, Warner Music Group | I3: 1168 | J3: 2019 | K3: 4458982 | L3: 1463831442 | M3: 4691122 | N3: 15589707 | O3: 1478 | P3: 1430000 | Q3: 968947488 | R3: 6167873 | S3: 1870 | T3: 2398604 | U3: 3757172 | V3: 4656475 | W3: 226389 | X3: 41685 | Y3: 13936 | Z3: 4253 | AA3: 634 | AB3: 10 | AC3: 69 | AD3: 1250.5563
A4: =_xlfn.XLOOKUP(E4,Lookups!$E:$E,Lookups!$F:$F,0) -> 1 | B4: 1 | C4: 2026-07-03 | E4: Kabza De Small | F4: South Africa | G4: Electronic | H4: Big Indie Labels, Universal Music Group, Sony Music Entertainment, Warner Music Group | I4: 1332 | J4: 1703 | K4: 7907778 | L4: 1149482954 | M4: 3813927 | N4: 11131799 | O4: 3618 | P4: 594000 | Q4: 514501598 | R4: 3140157 | S4: 3620 | T4: 466487 | U4: 3152350 | V4: 2130400 | W4: 225391 | X4: 23881 | Y4: 5727 | Z4: 4352 | AA4: 791 | AB4: 10 | AC4: 101 | AD4: 1452.8398
A5: =_xlfn.XLOOKUP(E5,Lookups!$E:$E,Lookups!$F:$F,0) -> 0 | B5: 1 | C5: 2026-07-03 | E5: Triplets Ghetto Kids | F5: Uganda | G5: African | H5: Universal Music Group | I5: 1618 | J5: 448334 | K5: 983 | L5: 381424 | M5: 1174 | N5: 3198 | O5: 2194 | P5: 2180000 | Q5: 860697969 | R5: 10643567 | S5: 557 | T5: 13117502 | U5: 9486592 | V5: 7717773 | W5: 167 | X5: 294 | Y5: 466238 | Z5: N/A | AA5: N/A | AB5: N/A | AC5: N/A | AD5: N/A
A6: =_xlfn.XLOOKUP(E6,Lookups!$E:$E,Lookups!$F:$F,0) -> 0 | B6: 1 | C6: 2026-07-03 | E6: MaWhoo | F6: South Africa | G6: African | H6: Big Indie Labels, Universal Music Group, Sony Music Entertainment, Warner Music Group | I6: 1929 | J6: 4233 | K6: 2270672 | L6: 369060161 | M6: 2044279 | N6: 7895082 | O6: 2849 | P6: 474000 | Q6: 201857520 | R6: 1200071 | S6: 1233 | T6: 2334151 | U6: 1220117 | V6: 2850347 | W6: 7847 | X6: N/A | Y6: 24055 | Z6: 9391 | AA6: 207 | AB6: 0 | AC6: 0 | AD6: 282.23208
A7: =_xlfn.XLOOKUP(E7,Lookups!$E:$E,Lookups!$F:$F,0) -> 1 | B7: 1 | C7: 2026-07-03 | E7: Zee Nxumalo | F7: South Africa | G7: African | H7: Big Indie Labels, Universal Music Group, Warner Music Group, Sony Music Entertainment | I7: 2142 | J7: 4568 | K7: 1693660 | L7: 271735115 | M7: 2017591 | N7: 7436139 | O7: 4189 | P7: 365000 | Q7: 128930678 | R7: 1445530 | S7: 867 | T7: 3388867 | U7: 1312192 | V7: 2299288 | W7: 3641 | X7: 312 | Y7: 30061 | Z7: 10719 | AA7: 112 | AB7: 3 | AC7: 22 | AD7: 169.00342
A8: =_xlfn.XLOOKUP(E8,Lookups!$E:$E,Lookups!$F:$F,0) -> 1 | B8: 1 | C8: 2026-07-03 | E8: Kelvin Momo | F8: South Africa | G8: Electronic | H8: Big Indie Labels, Universal Music Group, Sony Music Entertainment, Warner Music Group | I8: 2544 | J8: 2895 | K8: 4669030 | L8: 620779039 | M8: 1667314 | N8: 4143914 | O8: 4409 | P8: 542000 | Q8: 231085759 | R8: 1577531 | S8: 8638 | T8: 145620 | U8: 1159358 | V8: 320638 | W8: 34772 | X8: 5131 | Y8: 18580 | Z8: 5436 | AA8: 429 | AB8: 0 | AC8: 0 | AD8: 617.31407
A9: =_xlfn.XLOOKUP(E9,Lookups!$E:$E,Lookups!$F:$F,0) -> 1 | B9: 1 | C9: 2026-07-03 | E9: Uncle Waffles | F9: South Africa | G9: Electronic | H9: Big Indie Labels, Sony Music Entertainment | I9: 2570 | J9: 6650 | K9: 1601098 | L9: 208116967 | M9: 1544604 | N9: 7449538 | O9: 4653 | P9: 582000 | Q9: 157049282 | R9: 1743842 | S9: 1050 | T9: 3815185 | U9: 3524682 | V9: 36156 | W9: 12279 | X9: 11000 | Y9: 26090 | Z9: 1573 | AA9: 38 | AB9: 2 | AC9: 206 | AD9: 3361.5129
A10: =_xlfn.XLOOKUP(E10,Lookups!$E:$E,Lookups!$F:$F,0) -> 0 | B10: 1 | C10: 2026-07-03 | E10: Makhadzi | F10: South Africa | G10: Electronic | H10: Big Indie Labels, Warner Music Group, Universal Music Group | I10: 2633 | J10: 12423 | K10: 1627606 | L10: 243726648 | M10: 396334 | N10: 1334147 | O10: 2059 | P10: 1020000 | Q10: 763322676 | R10: 3270138 | S10: 871 | T10: 4140718 | U10: 1438627 | V10: 8623765 | W10: 77596 | X10: N/A | Y10: 23865 | Z10: 22176 | AA10: 160 | AB10: 0 | AC10: 0 | AD10: 191.83221
A11: =_xlfn.XLOOKUP(E11,Lookups!$E:$E,Lookups!$F:$F,0) -> 0 | B11: 1 | C11: 2026-07-03 | E11: Zinoleesky | F11: Nigeria | G11: African | H11: Big Indie Labels, Universal Music Group | I11: 2909 | J11: 3323 | K11: 3019863 | L11: 699218918 | M11: 2460115 | N11: 6807145 | O11: 11804 | P11: 293000 | Q11: 114547876 | R11: 1035273 | S11: 5298 | T11: 542139 | U11: 2509418 | V11: 500878 | W11: 62407 | X11: N/A | Y11: 5759 | Z11: N/A | AA11: N/A | AB11: N/A | AC11: N/A | AD11: N/A
A12: =_xlfn.XLOOKUP(E12,Lookups!$E:$E,Lookups!$F:$F,0) -> 1 | B12: 1 | C12: 2026-07-03 | E12: Focalistic | F12: South Africa | G12: Electronic | H12: Big Indie Labels, Universal Music Group, Warner Music Group, Sony Music Entertainment | I12: 3339 | J12: 6372 | K12: 1570892 | L12: 386533451 | M12: 2458020 | N12: 9602399 | O12: 8333 | P12: 495000 | Q12: 251206642 | R12: 2038557 | S12: 2419 | T12: 1589188 | U12: 2679918 | V12: 3716982 | W12: 74201 | X12: 8661 | Y12: 13233 | Z12: 9113 | AA12: 266 | AB12: 4 | AC12: 30 | AD12: 382.84255
A13: =_xlfn.XLOOKUP(E13,Lookups!$E:$E,Lookups!$F:$F,0) -> 1 | B13: 1 | C13: 2026-07-03 | E13: Sam Deep | F13: South Africa | G13: African | H13: Universal Music Group, Big Indie Labels, Sony Music Entertainment | I13: 3404 | J13: 5795 | K13: 1275926 | L13: 186616030 | M13: 1685783 | N13: 3957091 | O13: 4260 | P13: 324000 | Q13: 187645002 | R13: 1017407 | S13: 7100 | T13: 233735 | U13: 309818 | V13: N/A | W13: 5700 | X13: 21 | Y13: 34914 | Z13: N/A | AA13: N/A | AB13: N/A | AC13: N/A | AD13: N/A
A14: =_xlfn.XLOOKUP(E14,Lookups!$E:$E,Lookups!$F:$F,0) -> 0 | B14: 1 | C14: 2026-07-03 | E14: Ghost Hlubi | F14: South Africa | G14: Hip Hop | H14: Other Indie / Unsigned | I14: 3510 | J14: 292385 | K14: 8235 | L14: 278400 | M14: 1935 | N14: 8 | O14: 1703 | P14: 1540000 | Q14: 246739795 | R14: 9406433 | S14: 1006 | T14: 2451369 | U14: 1560932 | V14: 44060 | W14: 16 | X14: N/A | Y14: 466238 | Z14: N/A | AA14: N/A | AB14: N/A | AC14: N/A | AD14: N/A
A15: =_xlfn.XLOOKUP(E15,Lookups!$E:$E,Lookups!$F:$F,0) -> 1 | B15: 1 | C15: 2026-07-03 | E15: Scotts Maphuma | F15: South Africa | G15: Electronic | H15: Big Indie Labels, Sony Music Entertainment, Universal Music Group, Warner Music Group | I15: 3583 | J15: 3931 | K15: 1838533 | L15: 461935885 | M15: 2823644 | N15: 11186792 | O15: 613359 | P15: N/A | Q15: N/A | R15: N/A | S15: 6356 | T15: N/A | U15: 1321490 | V15: N/A | W15: 5281 | X15: 627 | Y15: 79539 | Z15: N/A | AA15: N/A | AB15: N/A | AC15: N/A | AD15: N/A
A16: =_xlfn.XLOOKUP(E16,Lookups!$E:$E,Lookups!$F:$F,0) -> 0 | B16: 1 | C16: 2026-07-03 | E16: Cassper Nyovest | F16: South Africa | G16: Electronic | H16: Universal Music Group, Big Indie Labels, Sony Music Entertainment | I16: 3611 | J16: 10359 | K16: 1496389 | L16: 208911298 | M16: 840239 | N16: 2723270 | O16: 8173 | P16: 563000 | Q16: 295837867 | R16: 2933637 | S16: 1774 | T16: 2830334 | U16: 6516655 | V16: 7110438 | W16: 261030 | X16: 27928 | Y16: 9283 | Z16: 17134 | AA16: 214 | AB16: 0 | AC16: 0 | AD16: 397.72838
A17: =_xlfn.XLOOKUP(E17,Lookups!$E:$E,Lookups!$F:$F,0) -> 1 | B17: 1 | C17: 2026-07-03 | E17: Mr JazziQ | F17: South Africa | G17: Electronic | H17: Big Indie Labels, Warner Music Group | I17: 3639 | J17: 8313 | K17: 2146180 | L17: 223599478 | M17: 802700 | N17: 2970443 | O17: 8518 | P17: 543000 | Q17: 228312985 | R17: 1846865 | S17: 1100 | T17: 3119631 | U17: 2276521 | V17: 3241005 | W17: 67112 | X17: 4061 | Y17: 18447 | Z17: 21089 | AA17: 131 | AB17: 0 | AC17: 0 | AD17: 194.33923
A18: =_xlfn.XLOOKUP(E18,Lookups!$E:$E,Lookups!$F:$F,0) -> 0 | B18: 1 | C18: 2026-07-03 | E18: Master KG | F18: South Africa | G18: Electronic | H18: Warner Music Group, Big Indie Labels, Sony Music Entertainment | I18: 3797 | J18: 3846 | K18: 708600 | L18: 1095288410 | M18: 4495301 | N18: 16870953 | O18: 4076 | P18: 138 | Q18: 1245441970 | R18: 8795574 | S18: 7504 | T18: 1814526 | U18: 1975824 | V18: 4050014 | W18: 93376 | X18: N/A | Y18: 1779 | Z18: 19628 | AA18: 166 | AB18: 2 | AC18: 38 | AD18: 301.78627
A19: =_xlfn.XLOOKUP(E19,Lookups!$E:$E,Lookups!$F:$F,0) -> 0 | B19: 1 | C19: 2026-07-03 | E19: Shimza | F19: South Africa | G19: Electronic | H19: Big Indie Labels, Universal Music Group, Sony Music Entertainment | I19: 3901 | J19: 4327 | K19: 257255 | L19: 321431996 | M19: 6157309 | N19: 47834694 | O19: 22790 | P19: 77600 | Q19: 31980373 | R19: 313948 | S19: 2728 | T19: 373115 | U19: 1277880 | V19: 1840460 | W19: 21674 | X19: 43157 | Y19: 7295 | Z19: 123905 | AA19: 28 | AB19: 1 | AC19: 2 | AD19: 14.804325
A20: =_xlfn.XLOOKUP(E20,Lookups!$E:$E,Lookups!$F:$F,0) -> 0 | B20: 1 | C20: 2026-07-03 | E20: Babalwa M | F20: South Africa | G20: Electronic | H20: Universal Music Group, Big Indie Labels | I20: 4171 | J20: 5747 | K20: 1558102 | L20: 326612473 | M20: 1604568 | N20: 4476345 | O20: 10438 | P20: 178000 | Q20: 47241821 | R20: 300543 | S20: 9730 | T20: 707010 | U20: 567916 | V20: 61511 | W20: 13041 | X20: N/A | Y20: 27006 | Z20: 12555 | AA20: 121 | AB20: 1 | AC20: 23 | AD20: 161.03616
A21: =_xlfn.XLOOKUP(E21,Lookups!$E:$E,Lookups!$F:$F,0) -> 0 | B21: 1 | C21: 2026-07-03 | E21: Nkosazana Daughter | F21: South Africa | G21: Electronic | H21: Big Indie Labels, Universal Music Group, Sony Music Entertainment, Warner Music Group | I21: 4585 | J21: 8450 | K21: 937268 | L21: 402161640 | M21: 1288579 | N21: 3416575 | O21: 56949 | P21: 1830 | Q21: 22907413 | R21: 169750 | S21: 3155 | T21: 3911453 | U21: 2775933 | V21: 127 | W21: 11296 | X21: N/A | Y21: 25019 | Z21: 11949 | AA21: 170 | AB21: 0 | AC21: 0 | AD21: 242.09327
A22: =_xlfn.XLOOKUP(E22,Lookups!$E:$E,Lookups!$F:$F,0) -> 0 | B22: 1 | C22: 2026-07-03 | E22: Dlala Thukzin | F22: South Africa | G22: Electronic | H22: Universal Music Group, Big Indie Labels | I22: 4704 | J22: 5440 | K22: 1906580 | L22: 295608849 | M22: 1477500 | N22: 5066848 | O22: 148002 | P22: 2350 | Q22: 962765 | R22: 9150 | S22: 7460 | T22: 561417 | U22: 555164 | V22: 1198433 | W22: 11606 | X22: 2128 | Y22: 18446 | Z22: 6130 | AA22: 130 | AB22: 6 | AC22: 38 | AD22: 479.08908
A23: =_xlfn.XLOOKUP(E23,Lookups!$E:$E,Lookups!$F:$F,0) -> 1 | B23: 1 | C23: 2026-07-03 | E23: Tyler ICU | F23: South Africa | G23: Electronic | H23: Big Indie Labels, Sony Music Entertainment, Universal Music Group, Warner Music Group | I23: 4773 | J23: 6304 | K23: 1551136 | L23: 420009551 | M23: 2278538 | N23: 5958557 | O23: 4597 | P23: 579000 | Q23: 363221124 | R23: 2396399 | S23: 9200 | T23: 591043 | U23: 817068 | V23: 1618568 | W23: 46576 | X23: 1287 | Y23: 13761 | Z23: 2673 | AA23: 266 | AB23: 2 | AC23: 79 | AD23: 1402.7406
A24: =_xlfn.XLOOKUP(E24,Lookups!$E:$E,Lookups!$F:$F,0) -> 0 | B24: 1 | C24: 2026-07-03 | E24: Young Stunna | F24: South Africa | G24: Electronic | H24: Big Indie Labels, Sony Music Entertainment, Universal Music Group, Warner Music Group | I24: 4984 | J24: 7090 | K24: 1938748 | L24: 426874353 | M24: 1053355 | N24: 3784951 | O24: 14094 | P24: 194000 | Q24: 100507942 | R24: 622554 | S24: 7700 | T24: 37112 | U24: 1577419 | V24: 1461443 | W24: 35143 | X24: 1129 | Y24: 55837 | Z24: 15935 | AA24: 150 | AB24: 1 | AC24: 3 | AD24: 199.55947
A25: =_xlfn.XLOOKUP(E25,Lookups!$E:$E,Lookups!$F:$F,0) -> 0 | B25: 1 | C25: 2026-07-03 | E25: Major League DJz | F25: South Africa | G25: Electronic | H25: Big Indie Labels, Warner Music Group, Universal Music Group, Sony Music Entertainment, BMG | I25: 5041 | J25: 9838 | K25: 909018 | L25: 188140413 | M25: 1560493 | N25: 12730595 | O25: 4632 | P25: 1190000 | Q25: 386123717 | R25: 3685385 | S25: 5512 | T25: 865437 | U25: 2122444 | V25: 3408361 | W25: 53604 | X25: 18673 | Y25: 7480 | Z25: 2372 | AA25: 294 | AB25: 13 | AC25: 221 | AD25: 1710.1772
A26: =_xlfn.XLOOKUP(E26,Lookups!$E:$E,Lookups!$F:$F,0) -> 0 | B26: 1 | C26: 2026-07-03 | E26: Boohle | F26: South Africa | G26: Electronic | H26: Universal Music Group, Big Indie Labels, Warner Music Group, Sony Music Entertainment | I26: 5508 | J26: 9358 | K26: 1246204 | L26: 189625876 | M26: 1539270 | N26: 5185813 | O26: 16299 | P26: 125000 | Q26: 122051824 | R26: 919253 | S26: 3649 | T26: 827405 | U26: 1480176 | V26: 226356 | W26: 33937 | X26: N/A | Y26: 10938 | Z26: 19093 | AA26: 133 | AB26: 2 | AC26: 21 | AD26: 157.80448
A27: =_xlfn.XLOOKUP(E27,Lookups!$E:$E,Lookups!$F:$F,0) -> 0 | B27: 1 | C27: 2026-07-03 | E27: Al Xapo | F27: South Africa | G27: Electronic | H27: Big Indie Labels, Sony Music Entertainment, Warner Music Group, Universal Music Group | I27: 5779 | J27: 7168 | K27: 134574 | L27: 165911119 | M27: 2404098 | N27: 11205662 | O27: 8731 | P27: 135000 | Q27: 50720662 | R27: 309574 | S27: 148287 | T27: 5691 | U27: 53006 | V27: N/A | W27: 237 | X27: 117 | Y27: 90105 | Z27: N/A | AA27: N/A | AB27: N/A | AC27: N/A | AD27: N/A
A28: =_xlfn.XLOOKUP(E28,Lookups!$E:$E,Lookups!$F:$F,0) -> 0 | B28: 1 | C28: 2026-07-03 | E28: Aymos | F28: South Africa | G28: Electronic | H28: Universal Music Group, Big Indie Labels, Sony Music Entertainment | I28: 6034 | J28: 8714 | K28: 1716554 | L28: 221645763 | M28: 920077 | N28: 2337015 | O28: 8882 | P28: 381000 | Q28: 194839906 | R28: 1142159 | S28: 6114 | T28: 1131062 | U28: 791511 | V28: 22484 | W28: 28714 | X28: N/A | Y28: 33375 | Z28: 16489 | AA28: 133 | AB28: 1 | AC28: 23 | AD28: 192.20437
A29: =_xlfn.XLOOKUP(E29,Lookups!$E:$E,Lookups!$F:$F,0) -> 0 | B29: 1 | C29: 2026-07-03 | E29: DJ Zinhle | F29: South Africa | G29: Electronic | H29: Big Indie Labels, Universal Music Group | I29: 6082 | J29: 22395 | K29: 271970 | L29: 41360254 | M29: 1066822 | N29: 1629728 | O29: 25735 | P29: 164000 | Q29: 46530532 | R29: 333785 | S29: 1614 | T29: 2081911 | U29: 5641967 | V29: 4107115 | W29: 70209 | X29: N/A | Y29: 30972 | Z29: 67544 | AA29: 37 | AB29: 0 | AC29: 0 | AD29: 31.631415
A30: =_xlfn.XLOOKUP(E30,Lookups!$E:$E,Lookups!$F:$F,0) -> 1 | B30: 1 | C30: 2026-07-03 | E30: TXC | F30: South Africa | G30: Electronic | H30: Big Indie Labels | I30: 6520 | J30: 11455 | K30: 318313 | L30: 98169042 | M30: 1995769 | N30: 8865208 | O30: 3676 | P30: 443000 | Q30: 86418178 | R30: 1024426 | S30: 6498 | T30: 2066155 | U30: 196750 | V30: 441978 | W30: 1689 | X30: 491 | Y30: 102629 | Z30: N/A | AA30: N/A | AB30: N/A | AC30: N/A | AD30: N/A
A31: =_xlfn.XLOOKUP(E31,Lookups!$E:$E,Lookups!$F:$F,0) -> 1 | B31: 1 | C31: 2026-07-03 | E31: Mellow & Sleazy | F31: South Africa | G31: Electronic | H31: Big Indie Labels, Sony Music Entertainment, Universal Music Group, Warner Music Group | I31: 6605 | J31: 6447 | K31: 2097947 | L31: 465967624 | M31: 1469069 | N31: 4744746 | O31: 14770 | P31: 283000 | Q31: 134581637 | R31: 1100673 | S31: 23054 | T31: 348801 | U31: 727954 | V31: 93442 | W31: 32545 | X31: 711 | Y31: 30492 | Z31: 5280 | AA31: 411 | AB31: 0 | AC31: 0 | AD31: 649.03419
A32: =_xlfn.XLOOKUP(E32,Lookups!$E:$E,Lookups!$F:$F,0) -> 0 | B32: 1 | C32: 2026-07-03 | E32: Busta 929 | F32: South Africa | G32: Electronic | H32: Big Indie Labels | I32: 6786 | J32: 12742 | K32: 1289612 | L32: 138837695 | M32: 730585 | N32: 1472656 | O32: 7622 | P32: 374000 | Q32: 209535054 | R32: 1406589 | S32: 10584 | T32: N/A | U32: 1361475 | V32: 1626694 | W32: 54680 | X32: N/A | Y32: 18923 | Z32: 6089 | AA32: 334 | AB32: 5 | AC32: 33 | AD32: 517.54834
A33: =_xlfn.XLOOKUP(E33,Lookups!$E:$E,Lookups!$F:$F,0) -> 1 | B33: 1 | C33: 2026-07-03 | E33: Xduppy | F33: South Africa | G33: Electronic | H33: Big Indie Labels, Sony Music Entertainment, Universal Music Group, Warner Music Group | I33: 6796 | J33: 6705 | K33: 492332 | L33: 286861518 | M33: 2277376 | N33: 6810311 | O33: 235532 | P33: 136 | Q33: 2375 | R33: 60 | S33: 4595 | T33: 530317 | U33: 320385 | V33: N/A | W33: 2750 | X33: 34 | Y33: 65871 | Z33: 5978 | AA33: 239 | AB33: 0 | AC33: 0 | AD33: 439.08656
A34: =_xlfn.XLOOKUP(E34,Lookups!$E:$E,Lookups!$F:$F,0) -> 0 | B34: 1 | C34: 2026-07-03 | E34: DJ Tira | F34: South Africa | G34: Electronic | H34: Big Indie Labels, Universal Music Group | I34: 6835 | J34: 16316 | K34: 681589 | L34: 119046469 | M34: 563892 | N34: 2524859 | O34: 21282 | P34: N/A | Q34: 203940883 | R34: 1240126 | S34: 1444 | T34: 1317267 | U34: 3369547 | V34: 5278925 | W34: 48447 | X34: 423 | Y34: 14252 | Z34: 6569 | AA34: 277 | AB34: 16 | AC34: 224 | AD34: 833.01558
A35: =_xlfn.XLOOKUP(E35,Lookups!$E:$E,Lookups!$F:$F,0) -> 0 | B35: 1 | C35: 2026-07-03 | E35: Dj Karri | F35: South Africa | G35: Electronic | H35: Big Indie Labels | I35: 7234 | J35: 32553 | K35: 209300 | L35: 29876414 | M35: 435727 | N35: 749079 | O35: 19922 | P35: 103000 | Q35: 21119138 | R35: 213264 | S35: 388 | T35: 2850937 | U35: 673726 | V35: 2083381 | W35: 712 | X35: N/A | Y35: 91088 | Z35: N/A | AA35: N/A | AB35: N/A | AC35: N/A | AD35: N/A
A36: =_xlfn.XLOOKUP(E36,Lookups!$E:$E,Lookups!$F:$F,0) -> 0 | B36: 1 | C36: 2026-07-03 | E36: Kidd Carder | F36: Nigeria | G36: African | H36: Big Indie Labels | I36: 7385 | J36: 10101 | K36: 230873 | L36: 107450555 | M36: 2148782 | N36: 9277828 | O36: 23654 | P36: 19000 | Q36: 9650814 | R36: 59258 | S36: 5105 | T36: 171453 | U36: 105752 | V36: 35 | W36: 172 | X36: N/A | Y36: 63537 | Z36: N/A | AA36: N/A | AB36: N/A | AC36: N/A | AD36: N/A
A37: =_xlfn.XLOOKUP(E37,Lookups!$E:$E,Lookups!$F:$F,0) -> 0 | B37: 1 | C37: 2026-07-03 | E37: Sun-EL Musician | F37: South Africa | G37: Electronic | H37: Big Indie Labels, Universal Music Group, Sony Music Entertainment | I37: 7457 | J37: 12757 | K37: 947451 | L37: 218288307 | M37: 937514 | N37: 2744061 | O37: 13564 | P37: 235000 | Q37: 185962695 | R37: 1291159 | S37: 13411 | T37: 141667 | U37: 307864 | V37: 1109825 | W37: 119239 | X37: 10697 | Y37: 7780 | Z37: 7153 | AA37: 153 | AB37: 5 | AC37: 68 | AD37: 545.06582
A38: =_xlfn.XLOOKUP(E38,Lookups!$E:$E,Lookups!$F:$F,0) -> 0 | B38: 1 | C38: 2026-07-03 | E38: Rj Kanierra | F38: Congo (Republic) | G38: African | H38: Universal Music Group, Sony Music Entertainment | I38: 7571 | J38: 72290 | K38: 56112 | L38: 7294989 | M38: 127002 | N38: 118954 | O38: 4806 | P38: 611000 | Q38: 120666234 | R38: 668379 | S38: 3521 | T38: 1529008 | U38: 242247 | V38: 508599 | W38: 595 | X38: N/A | Y38: 39534 | Z38: N/A | AA38: N/A | AB38: N/A | AC38: N/A | AD38: N/A
A39: =_xlfn.XLOOKUP(E39,Lookups!$E:$E,Lookups!$F:$F,0) -> 1 | B39: 1 | C39: 2026-07-03 | E39: Thatohatsi | F39: South Africa | G39: Electronic | H39: Big Indie Labels, Sony Music Entertainment, Universal Music Group | I39: 7724 | J39: 8494 | K39: 398249 | L39: 233409823 | M39: 2061888 | N39: 4716834 | O39: 138786 | P39: 3740 | Q39: 230529 | R39: 3367 | S39: 58607 | T39: 521500 | U39: 3693 | V39: 11686 | W39: 1038 | X39: N/A | Y39: 139241 | Z39: 7815 | AA39: 167 | AB39: 0 | AC39: 0 | AD39: 259.77235
A40: =_xlfn.XLOOKUP(E40,Lookups!$E:$E,Lookups!$F:$F,0) -> 1 | B40: 1 | C40: 2026-07-03 | E40: Daliwonga | F40: South Africa | G40: Electronic | H40: Big Indie Labels, Sony Music Entertainment, Universal Music Group | I40: 7859 | J40: 11137 | K40: 1535855 | L40: 209306995 | M40: 562917 | N40: 1978790 | O40: 13295 | P40: 264000 | Q40: 160241814 | R40: 1055487 | S40: 10479 | T40: 24203 | U40: 1024613 | V40: 2019252 | W40: 34506 | X40: N/A | Y40: 34748 | Z40: 13060 | AA40: 157 | AB40: 1 | AC40: 14 | AD40: 277.99187
A41: =_xlfn.XLOOKUP(E41,Lookups!$E:$E,Lookups!$F:$F,0) -> 0 | B41: 1 | C41: 2026-07-03 | E41: Blxckie | F41: South Africa | G41: Hip Hop | H41: Big Indie Labels, Universal Music Group, Sony Music Entertainment, Warner Music Group | I41: 7933 | J41: 12321 | K41: 995024 | L41: 232536637 | M41: 700195 | N41: 4652341 | O41: 15010 | P41: 302000 | Q41: 71884134 | R41: 1204764 | S41: 7859 | T41: 642708 | U41: 1126026 | V41: 1262232 | W41: 30712 | X41: 72255 | Y41: 44873 | Z41: 15859 | AA41: 185 | AB41: 0 | AC41: 0 | AD41: 169.11576
A42: =_xlfn.XLOOKUP(E42,Lookups!$E:$E,Lookups!$F:$F,0) -> 0 | B42: 1 | C42: 2026-07-03 | E42: Sofiya Nzau | F42: Kenya | G42: Electronic | H42: Big Indie Labels, Sony Music Entertainment, Warner Music Group, Universal Music Group | I42: 8149 | J42: 1944 | K42: 52912 | L42: 800556935 | M42: 7070015 | N42: 60041679 | O42: 392475 | P42: 431 | Q42: 16781 | R42: 548 | S42: 65528 | T42: 255740 | U42: 61471 | V42: 191 | W42: 3001 | X42: N/A | Y42: 2317 | Z42: 191 | AA42: 237 | AB42: 28 | AC42: 2556 | AD42: 28720.077
A43: =_xlfn.XLOOKUP(E43,Lookups!$E:$E,Lookups!$F:$F,0) -> 1 | B43: 1 | C43: 2026-07-03 | E43: Pcee | F43: South Africa | G43: Electronic | H43: Big Indie Labels, Sony Music Entertainment | I43: 8274 | J43: 11662 | K43: 802995 | L43: 198722502 | M43: 993429 | N43: 4385454 | O43: 613359 | P43: N/A | Q43: N/A | R43: N/A | S43: 4709 | T43: 1744802 | U43: 369943 | V43: N/A | W43: 2195 | X43: N/A | Y43: 91108 | Z43: 17692 | AA43: 75 | AB43: 1 | AC43: 31 | AD43: 111.27048
A44: =_xlfn.XLOOKUP(E44,Lookups!$E:$E,Lookups!$F:$F,0) -> 0 | B44: 1 | C44: 2026-07-03 | E44: Felo le Tee | F44: South Africa | G44: Electronic | H44: Sony Music Entertainment, Warner Music Group, Big Indie Labels, Universal Music Group | I44: 8313 | J44: 11300 | K44: 1247111 | L44: 149050946 | M44: 761974 | N44: 3016289 | O44: 15640 | P44: 233000 | Q44: 86909275 | R44: 714794 | S44: 6695 | T44: 738749 | U44: 883473 | V44: 985463 | W44: 30388 | X44: 1572 | Y44: 29700 | Z44: 19959 | AA44: 147 | AB44: 1 | AC44: 3 | AD44: 157.84353
A45: =_xlfn.XLOOKUP(E45,Lookups!$E:$E,Lookups!$F:$F,0) -> 0 | B45: 1 | C45: 2026-07-03 | E45: Samthing Soweto | F45: South Africa | G45: Electronic | H45: Big Indie Labels | I45: 8418 | J45: 12426 | K45: 1100663 | L45: 167129679 | M45: 612486 | N45: 1311499 | O45: 14647 | P45: 264000 | Q45: 110331916 | R45: 852012 | S45: 14857 | T45: N/A | U45: 422731 | V45: 1435809 | W45: 93362 | X45: 6646 | Y45: 18103 | Z45: 27690 | AA45: 94 | AB45: 3 | AC45: 139 | AD45: 602.58768
A46: =_xlfn.XLOOKUP(E46,Lookups!$E:$E,Lookups!$F:$F,0) -> 0 | B46: 1 | C46: 2026-07-03 | E46: Simmy | F46: South Africa | G46: Electronic | H46: Universal Music Group, Big Indie Labels, Sony Music Entertainment, BMG, Warner Music Group | I46: 8536 | J46: 15683 | K46: 771971 | L46: 141233829 | M46: 704027 | N46: 2427925 | O46: 14763 | P46: 180000 | Q46: 122651374 | R46: 757892 | S46: 6116 | T46: 528356 | U46: 634855 | V46: 1638989 | W46: 63750 | X46: N/A | Y46: 13574 | Z46: 19300 | AA46: 99 | AB46: 0 | AC46: 0 | AD46: 162.83346
A47: =_xlfn.XLOOKUP(E47,Lookups!$E:$E,Lookups!$F:$F,0) -> 0 | B47: 1 | C47: 2026-07-03 | E47: Shebeshxt | F47: South Africa | G47: Hip Hop | H47: Big Indie Labels | I47: 8693 | J47: 7252 | K47: 1061494 | L47: 284961244 | M47: 842068 | N47: 854507 | O47: 43503 | P47: 50600 | Q47: 12176683 | R47: 200270 | S47: 294881 | T47: 23392 | U47: 858 | V47: N/A | W47: 975 | X47: 372 | Y47: 105098 | Z47: 29758 | AA47: 63 | AB47: 0 | AC47: 0 | AD47: 46.19821
A48: =_xlfn.XLOOKUP(E48,Lookups!$E:$E,Lookups!$F:$F,0) -> 0 | B48: 1 | C48: 2026-07-03 | E48: King Monada | F48: South Africa | G48: Electronic | H48: Universal Music Group, Big Indie Labels | I48: 8732 | J48: 19802 | K48: 687786 | L48: 111744350 | M48: 390018 | N48: 443505 | O48: 8258 | P48: 374000 | Q48: 211957900 | R48: 955032 | S48: 7217 | T48: 793526 | U48: 359411 | V48: 3665233 | W48: 13074 | X48: N/A | Y48: 23364 | Z48: 36490 | AA48: 64 | AB48: 0 | AC48: 0 | AD48: 65.947557
A49: =_xlfn.XLOOKUP(E49,Lookups!$E:$E,Lookups!$F:$F,0) -> 0 | B49: 1 | C49: 2026-07-03 | E49: Famous Pluto | F49: Nigeria | G49: Electronic | H49: Other Indie / Unsigned | I49: 8856 | J49: 5363 | K49: 781974 | L49: 220642764 | M49: 1917562 | N49: 4902805 | O49: 613359 | P49: N/A | Q49: N/A | R49: N/A | S49: 834709 | T49: N/A | U49: N/A | V49: N/A | W49: N/A | X49: N/A | Y49: 466238 | Z49: N/A | AA49: N/A | AB49: N/A | AC49: N/A | AD49: N/A
A50: =_xlfn.XLOOKUP(E50,Lookups!$E:$E,Lookups!$F:$F,0) -> 0 | B50: 1 | C50: 2026-07-03 | E50: Sir Trill | F50: South Africa | G50: Electronic | H50: Big Indie Labels, Universal Music Group, Sony Music Entertainment | I50: 9044 | J50: 11283 | K50: 1166528 | L50: 201167507 | M50: 668020 | N50: 4085501 | O50: 13452 | P50: 85800 | Q50: 107774504 | R50: 684299 | S50: 16078 | T50: 987 | U50: 920643 | V50: 1766102 | W50: 23192 | X50: N/A | Y50: 42022 | Z50: 14725 | AA50: 185 | AB50: 4 | AC50: 43 | AD50: 229.35298
A51: =_xlfn.XLOOKUP(E51,Lookups!$E:$E,Lookups!$F:$F,0) -> 0 | B51: 1 | C51: 2026-07-03 | E51: Kamo Mphela | F51: South Africa | G51: Electronic | H51: Big Indie Labels, Universal Music Group, Warner Music Group, Sony Music Entertainment | I51: 9120 | J51: 18172 | K51: 776968 | L51: 100757476 | M51: 446120 | N51: 2018196 | O51: 9185 | P51: 612000 | Q51: 191841151 | R51: 1704289 | S51: 4929 | T51: 2640119 | U51: 2916395 | V51: N/A | W51: 16819 | X51: N/A | Y51: 21851 | Z51: 43211 | AA51: 47 | AB51: 0 | AC51: 0 | AD51: 54.050517
A52: =_xlfn.XLOOKUP(E52,Lookups!$E:$E,Lookups!$F:$F,0) -> 0 | B52: 1 | C52: 2026-07-03 | E52: Bukzin Keyz | F52: Botswana | G52: Electronic | H52: Big Indie Labels, Universal Music Group | I52: 9203 | J52: 19693 | K52: 137911 | L52: 50572036 | M52: 1119723 | N52: 3302737 | O52: 7698 | P52: 85000 | Q52: 26333083 | R52: 185656 | S52: 834709 | T52: N/A | U52: N/A | V52: N/A | W52: 168 | X52: N/A | Y52: 97368 | Z52: N/A | AA52: N/A | AB52: N/A | AC52: N/A | AD52: N/A
A53: =_xlfn.XLOOKUP(E53,Lookups!$E:$E,Lookups!$F:$F,0) -> 0 | B53: 1 | C53: 2026-07-03 | E53: De Mthuda | F53: South Africa | G53: Electronic | H53: Universal Music Group, Big Indie Labels | I53: 9219 | J53: 9103 | K53: 1629361 | L53: 201419116 | M53: 842923 | N53: 1666311 | O53: 13467 | P53: 301000 | Q53: 115907019 | R53: 785283 | S53: 41661 | T53: 7626 | U53: 523019 | V53: 8110 | W53: 54805 | X53: N/A | Y53: 27570 | Z53: 12138 | AA53: 247 | AB53: 3 | AC53: 31 | AD53: 484.61886
A54: =_xlfn.XLOOKUP(E54,Lookups!$E:$E,Lookups!$F:$F,0) -> 0 | B54: 1 | C54: 2026-07-03 | E54: Mas Musiq | F54: South Africa | G54: Electronic | H54: Big Indie Labels, Sony Music Entertainment | I54: 9246 | J54: 9938 | K54: 1258967 | L54: 200347251 | M54: 760718 | N54: 2719581 | O54: 36845 | P54: 947 | Q54: 51577370 | R54: 353196 | S54: 18147 | T54: 933 | U54: 614847 | V54: 1038707 | W54: 43503 | X54: N/A | Y54: 22943 | Z54: 10771 | AA54: 156 | AB54: 3 | AC54: 25 | AD54: 275.1461
A55: =_xlfn.XLOOKUP(E55,Lookups!$E:$E,Lookups!$F:$F,0) -> 0 | B55: 1 | C55: 2026-07-03 | E55: Heavy-K | F55: South Africa | G55: Electronic | H55: Universal Music Group, Big Indie Labels, Sony Music Entertainment | I55: 9264 | J55: 18623 | K55: 510856 | L55: 93658472 | M55: 824068 | N55: 1126232 | O55: 9020 | P55: 306000 | Q55: 200670070 | R55: 1126901 | S55: 8958 | T55: 225857 | U55: 406719 | V55: 1614952 | W55: 43514 | X55: 6199 | Y55: 17464 | Z55: 13395 | AA55: 213 | AB55: 1 | AC55: 15 | AD55: 286.66153
A56: =_xlfn.XLOOKUP(E56,Lookups!$E:$E,Lookups!$F:$F,0) -> 0 | B56: 1 | C56: 2026-07-03 | E56: LeeMcKrazy | F56: South Africa | G56: Electronic | H56: Big Indie Labels, Sony Music Entertainment, Universal Music Group, Warner Music Group | I56: 9287 | J56: 7662 | K56: 1089394 | L56: 394930880 | M56: 1833572 | N56: 5155133 | O56: 613359 | P56: N/A | Q56: N/A | R56: N/A | S56: 13577 | T56: 409225 | U56: 577801 | V56: 34424 | W56: 905 | X56: N/A | Y56: 25537 | Z56: 2431 | AA56: 400 | AB56: 2 | AC56: 69 | AD56: 1582.6819
A57: =_xlfn.XLOOKUP(E57,Lookups!$E:$E,Lookups!$F:$F,0) -> 0 | B57: 1 | C57: 2026-07-03 | E57: Tman Xpress | F57: South Africa | G57: Electronic | H57: Big Indie Labels, Universal Music Group, Sony Music Entertainment, Warner Music Group | I57: 9343 | J57: 15632 | K57: 576105 | L57: 176785687 | M57: 657939 | N57: 3593206 | O57: 16861 | P57: 64800 | Q57: 182367 | R57: 4358 | S57: 15488 | T57: 135 | U57: 262891 | V57: 283179 | W57: 2648 | X57: N/A | Y57: 84061 | Z57: 9037 | AA57: 195 | AB57: 1 | AC57: 13 | AD57: 289.40174
A58: =_xlfn.XLOOKUP(E58,Lookups!$E:$E,Lookups!$F:$F,0) -> 0 | B58: 1 | C58: 2026-07-03 | E58: K.O | F58: South Africa | G58: Hip Hop | H58: Big Indie Labels, Universal Music Group | I58: 9627 | J58: 16156 | K58: 741072 | L58: 128541765 | M58: 648038 | N58: 1230836 | O58: 11593 | P58: 299000 | Q58: 168170946 | R58: 1463052 | S58: 13066 | T58: 202231 | U58: 1029779 | V58: 1415329 | W58: 9105 | X58: N/A | Y58: 20072 | Z58: 27283 | AA58: 113 | AB58: 1 | AC58: 4 | AD58: 177.9783
A59: =_xlfn.XLOOKUP(E59,Lookups!$E:$E,Lookups!$F:$F,0) -> 0 | B59: 1 | C59: 2026-07-03 | E59: 031CHOPPA | F59: South Africa | G59: Hip Hop | H59: Big Indie Labels, Warner Music Group | I59: 9748 | J59: 14075 | K59: 128869 | L59: 69429142 | M59: 1713870 | N59: 6376738 | O59: 12790 | P59: 37500 | Q59: 14971175 | R59: 112336 | S59: 16023 | T59: 128600 | U59: 118549 | V59: 24611 | W59: 478 | X59: 4766 | Y59: 100677 | Z59: N/A | AA59: N/A | AB59: N/A | AC59: N/A | AD59: N/A
A60: =_xlfn.XLOOKUP(E60,Lookups!$E:$E,Lookups!$F:$F,0) -> 0 | B60: 1 | C60: 2026-07-03 | E60: Ch'cco | F60: South Africa | G60: Hip Hop | H60: Big Indie Labels, Universal Music Group, Warner Music Group, Sony Music Entertainment | I60: 9782 | J60: 14975 | K60: 449580 | L60: 99164324 | M60: 1287953 | N60: 4257392 | O60: 22634 | P60: 92100 | Q60: 26043088 | R60: 214100 | S60: 5728 | T60: 575305 | U60: 418233 | V60: 10997 | W60: 7000 | X60: 1108 | Y60: 48144 | Z60: 17012 | AA60: 75 | AB60: 0 | AC60: 0 | AD60: 93.677168
A61: =_xlfn.XLOOKUP(E61,Lookups!$E:$E,Lookups!$F:$F,0) -> 0 | B61: 1 | C61: 2026-07-03 | E61: DBN GOGO | F61: South Africa | G61: Electronic | H61: Universal Music Group, Big Indie Labels, Warner Music Group | I61: 9789 | J61: 14425 | K61: 1137450 | L61: 128447245 | M61: 529443 | N61: 3376068 | O61: 23210 | P61: 186000 | Q61: 56519598 | R61: 499718 | S61: 7677 | T61: 970679 | U61: 1634540 | V61: 2191653 | W61: 40218 | X61: 6625 | Y61: 56694 | Z61: 9280 | AA61: 183 | AB61: 5 | AC61: 22 | AD61: 283.91896
A62: =_xlfn.XLOOKUP(E62,Lookups!$E:$E,Lookups!$F:$F,0) -> 0 | B62: 1 | C62: 2026-07-03 | E62: Pabi Cooper | F62: South Africa | G62: Electronic | H62: Big Indie Labels, Warner Music Group, Universal Music Group | I62: 10115 | J62: 20667 | K62: 816864 | L62: 62299410 | M62: 268360 | N62: 2040888 | O62: 17797 | P62: 291000 | Q62: 77197230 | R62: 641986 | S62: 3323 | T62: 4102548 | U62: 2508694 | V62: 124493 | W62: 9455 | X62: 501 | Y62: 63368 | Z62: 42164 | AA62: 49 | AB62: 1 | AC62: 3 | AD62: 47.673123
A63: =_xlfn.XLOOKUP(E63,Lookups!$E:$E,Lookups!$F:$F,0) -> 0 | B63: 1 | C63: 2026-07-03 | E63: DJ Stokie | F63: South Africa | G63: Electronic | H63: Universal Music Group, Big Indie Labels, Warner Music Group | I63: 10232 | J63: 10140 | K63: 1623631 | L63: 128576154 | M63: 583931 | N63: 1701431 | O63: 12826 | P63: 279000 | Q63: 132925505 | R63: 709760 | S63: 22402 | T63: N/A | U63: 664011 | V63: N/A | W63: 25619 | X63: 1637 | Y63: 70989 | Z63: 11595 | AA63: 136 | AB63: 1 | AC63: 7 | AD63: 285.91444
A64: =_xlfn.XLOOKUP(E64,Lookups!$E:$E,Lookups!$F:$F,0) -> 1 | B64: 1 | C64: 2026-07-03 | E64: Vigro Deep | F64: South Africa | G64: Electronic | H64: Big Indie Labels, Universal Music Group, Sony Music Entertainment | I64: 10240 | J64: 12461 | K64: 935363 | L64: 139368557 | M64: 785224 | N64: 4315781 | O64: 14694 | P64: 145000 | Q64: 56064922 | R64: 480989 | S64: 9173 | T64: 403280 | U64: 896790 | V64: 955603 | W64: 36887 | X64: 6494 | Y64: 59738 | Z64: 10896 | AA64: 203 | AB64: 4 | AC64: 29 | AD64: 323.32469
A65: =_xlfn.XLOOKUP(E65,Lookups!$E:$E,Lookups!$F:$F,0) -> 0 | B65: 1 | C65: 2026-07-03 | E65: EeQue | F65: South Africa | G65: Electronic | H65: Big Indie Labels, Universal Music Group, Warner Music Group | I65: 10449 | J65: 14339 | K65: 146159 | L65: 182793045 | M65: 1769486 | N65: 9012411 | O65: 11499 | P65: 76300 | Q65: 17846166 | R65: 122968 | S65: 17284 | T65: 263422 | U65: 122033 | V65: 21406 | W65: 951 | X65: 180 | Y65: 114465 | Z65: 13873 | AA65: 116 | AB65: 0 | AC65: 0 | AD65: 140.74692
A66: =_xlfn.XLOOKUP(E66,Lookups!$E:$E,Lookups!$F:$F,0) -> 0 | B66: 1 | C66: 2026-07-03 | E66: Pistole Gwijo | F66: South Africa | G66: Electronic | H66: Other Indie / Unsigned | I66: 10600 | J66: 50315 | K66: 125861 | L66: 31605824 | M66: 145319 | N66: 3325 | O66: 5327 | P66: 330000 | Q66: 150908082 | R66: 1534588 | S66: 6632 | T66: 2612976 | U66: 111784 | V66: N/A | W66: 85 | X66: N/A | Y66: 371749 | Z66: N/A | AA66: N/A | AB66: N/A | AC66: N/A | AD66: N/A
A67: =_xlfn.XLOOKUP(E67,Lookups!$E:$E,Lookups!$F:$F,0) -> 0 | B67: 1 | C67: 2026-07-03 | E67: Officixl Rsa | F67: South Africa | G67: Electronic | H67: Big Indie Labels, Universal Music Group | I67: 10618 | J67: 15023 | K67: 352975 | L67: 103365339 | M67: 1062713 | N67: 2826264 | O67: 10297 | P67: 135000 | Q67: 49742319 | R67: 283898 | S67: 23958 | T67: 507775 | U67: 95904 | V67: 64275 | W67: 743 | X67: 190 | Y67: 145957 | Z67: 14635 | AA67: 77 | AB67: 0 | AC67: 0 | AD67: 103.49602
A68: =_xlfn.XLOOKUP(E68,Lookups!$E:$E,Lookups!$F:$F,0) -> 0 | B68: 1 | C68: 2026-07-03 | E68: Ami Faku | F68: South Africa | G68: R&B | H68: Universal Music Group, Big Indie Labels, Sony Music Entertainment, Warner Music Group | I68: 11195 | J68: 10779 | K68: 910893 | L68: 214920448 | M68: 1184151 | N68: 2720440 | O68: 613359 | P68: N/A | Q68: N/A | R68: N/A | S68: 28085 | T68: 11855 | U68: 292072 | V68: 1387469 | W68: 81166 | X68: N/A | Y68: 18412 | Z68: 30201 | AA68: 70 | AB68: 0 | AC68: 0 | AD68: 101.4159
A69: =_xlfn.XLOOKUP(E69,Lookups!$E:$E,Lookups!$F:$F,0) -> 0 | B69: 1 | C69: 2026-07-03 | E69: Eemoh | F69: South Africa | G69: African | H69: Universal Music Group, Big Indie Labels, Sony Music Entertainment | I69: 11553 | J69: 12000 | K69: 397437 | L69: 168859426 | M69: 957911 | N69: 2327224 | O69: 18641 | P69: 77500 | Q69: 15242857 | R69: 131937 | S69: 2026 | T69: 880446 | U69: 135698 | V69: 1262 | W69: 1916 | X69: 251 | Y69: 65525 | Z69: 17088 | AA69: 81 | AB69: 0 | AC69: 0 | AD69: 120.11953
A70: =_xlfn.XLOOKUP(E70,Lookups!$E:$E,Lookups!$F:$F,0) -> 0 | B70: 1 | C70: 2026-07-03 | E70: Njelic | F70: South Africa | G70: Electronic | H70: Universal Music Group, Big Indie Labels | I70: 11710 | J70: 13553 | K70: 834940 | L70: 120873829 | M70: 704275 | N70: 1840916 | O70: 37507 | P70: 154 | Q70: 31808533 | R70: 197570 | S70: 13472 | T70: N/A | U70: 811128 | V70: 653326 | W70: 12757 | X70: N/A | Y70: 85442 | Z70: 28737 | AA70: 65 | AB70: 1 | AC70: 24 | AD70: 117.7696
A71: =_xlfn.XLOOKUP(E71,Lookups!$E:$E,Lookups!$F:$F,0) -> 0 | B71: 1 | C71: 2026-07-03 | E71: Costa Titch | F71: South Africa | G71: Hip Hop | H71: Warner Music Group, Universal Music Group, Big Indie Labels, Sony Music Entertainment | I71: 11794 | J71: 36433 | K71: 133071 | L71: 78702758 | M71: 371149 | N71: 1074190 | O71: 4893 | P71: 922000 | Q71: 289214135 | R71: 1955477 | S71: 23267 | T71: 3146 | U71: 566257 | V71: 1123896 | W71: 10072 | X71: 8556 | Y71: 34029 | Z71: 63291 | AA71: 45 | AB71: 0 | AC71: 0 | AD71: 30.198478
A72: =_xlfn.XLOOKUP(E72,Lookups!$E:$E,Lookups!$F:$F,0) -> 0 | B72: 1 | C72: 2026-07-03 | E72: LAMIEZ HOLWORTHY | F72: South Africa | G72: Electronic | H72: Universal Music Group | I72: 11845 | J72: 245032 | K72: 6513 | L72: 439577 | M72: 4365 | N72: 7168 | O72: 613359 | P72: N/A | Q72: N/A | R72: N/A | S72: 841 | T72: 2196605 | U72: 2452216 | V72: 3033119 | W72: 70 | X72: 9223 | Y72: 466238 | Z72: 92789 | AA72: 2 | AB72: 0 | AC72: 0 | AD72: 4.6605553
A73: =_xlfn.XLOOKUP(E73,Lookups!$E:$E,Lookups!$F:$F,0) -> 0 | B73: 1 | C73: 2026-07-03 | E73: Zeze Kingston | F73: South Africa | G73: African | H73: Big Indie Labels | I73: 11896 | J73: 57134 | K73: 83460 | L73: 22274426 | M73: 108431 | N73: 162429 | O73: 9682 | P73: 172000 | Q73: 37978836 | R73: 323310 | S73: 4410 | T73: 589650 | U73: 124985 | V73: 851420 | W73: 899 | X73: N/A | Y73: 18090 | Z73: 103431 | AA73: 5 | AB73: 0 | AC73: 0 | AD73: 3.4741671
A74: =_xlfn.XLOOKUP(E74,Lookups!$E:$E,Lookups!$F:$F,0) -> 0 | B74: 1 | C74: 2026-07-03 | E74: Musa Keys | F74: South Africa | G74: Electronic | H74: Big Indie Labels, Sony Music Entertainment, Universal Music Group | I74: 12190 | J74: 12831 | K74: 799259 | L74: 355232600 | M74: 555778 | N74: 9081588 | O74: 31991 | P74: 218000 | Q74: 15757716 | R74: 158598 | S74: 9761 | T74: 721722 | U74: 1101934 | V74: 329333 | W74: 33180 | X74: 2204 | Y74: 24860 | Z74: 13592 | AA74: 125 | AB74: 4 | AC74: 18 | AD74: 166.28146
A75: =_xlfn.XLOOKUP(E75,Lookups!$E:$E,Lookups!$F:$F,0) -> 1 | B75: 1 | C75: 2026-07-03 | E75: Justin99 | F75: South Africa | G75: Electronic | H75: Big Indie Labels | I75: 12220 | J75: 18563 | K75: 439698 | L75: 91714661 | M75: 800754 | N75: 2649433 | O75: 107492 | P75: 25900 | Q75: 3741125 | R75: 41873 | S75: 2811 | T75: 1639420 | U75: 534469 | V75: N/A | W75: 2210 | X75: 85 | Y75: 65837 | Z75: 26757 | AA75: 55 | AB75: 0 | AC75: 0 | AD75: 72.727178
A76: =_xlfn.XLOOKUP(E76,Lookups!$E:$E,Lookups!$F:$F,0) -> 0 | B76: 1 | C76: 2026-07-03 | E76: Bassie | F76: South Africa | G76: Electronic | H76: Big Indie Labels, Universal Music Group, Warner Music Group, Sony Music Entertainment | I76: 12296 | J76: 16720 | K76: 830586 | L76: 75313509 | M76: 578881 | N76: 1566435 | O76: 25809 | P76: 88800 | Q76: 37701527 | R76: 175867 | S76: 12414 | T76: 694324 | U76: 375369 | V76: 474223 | W76: 1113 | X76: N/A | Y76: 68684 | Z76: 16044 | AA76: 120 | AB76: 0 | AC76: 0 | AD76: 161.96385
A77: =_xlfn.XLOOKUP(E77,Lookups!$E:$E,Lookups!$F:$F,0) -> 0 | B77: 1 | C77: 2026-07-03 | E77: TitoM | F77: South Africa | G77: Electronic | H77: Big Indie Labels, Sony Music Entertainment, Warner Music Group, Universal Music Group | I77: 12503 | J77: 10638 | K77: 290498 | L77: 237149196 | M77: 1627726 | N77: 7069341 | O77: 6841 | P77: 508000 | Q77: 209571259 | R77: 1698613 | S77: 90639 | T77: 109491 | U77: 45 | V77: 11635 | W77: 3466 | X77: N/A | Y77: 104708 | Z77: 11899 | AA77: 151 | AB77: 0 | AC77: 0 | AD77: 189.14372
A78: =_xlfn.XLOOKUP(E78,Lookups!$E:$E,Lookups!$F:$F,0) -> 0 | B78: 1 | C78: 2026-07-03 | E78: Sha Sha | F78: South Africa | G78: Electronic | H78: Big Indie Labels, Universal Music Group, Sony Music Entertainment | I78: 12608 | J78: 20699 | K78: 635893 | L78: 110217458 | M78: 408670 | N78: 1308051 | O78: 16798 | P78: 202000 | Q78: 115739170 | R78: 855101 | S78: 11130 | T78: 506593 | U78: 766998 | V78: 3171825 | W78: 52557 | X78: N/A | Y78: 45761 | Z78: 30868 | AA78: 92 | AB78: 0 | AC78: 0 | AD78: 122.42372
A79: =_xlfn.XLOOKUP(E79,Lookups!$E:$E,Lookups!$F:$F,0) -> 0 | B79: 1 | C79: 2026-07-03 | E79: CowBoii | F79: South Africa | G79: Electronic | H79: Big Indie Labels, Sony Music Entertainment, Universal Music Group, Warner Music Group | I79: 13028 | J79: 14685 | K79: 444194 | L79: 204385799 | M79: 596961 | N79: 5826146 | O79: 13897 | P79: 120000 | Q79: 24841733 | R79: 220043 | S79: 834709 | T79: N/A | U79: N/A | V79: N/A | W79: 1 | X79: N/A | Y79: 88955 | Z79: N/A | AA79: N/A | AB79: N/A | AC79: N/A | AD79: N/A
A80: =_xlfn.XLOOKUP(E80,Lookups!$E:$E,Lookups!$F:$F,0) -> 1 | B80: 1 | C80: 2026-07-03 | E80: Uncool MC | F80: South Africa | G80: Hip Hop | H80: Universal Music Group, Sony Music Entertainment, Big Indie Labels, Warner Music Group | I80: 13657 | J80: 11962 | K80: 79136 | L80: 150403474 | M80: 1515723 | N80: 6855721 | O80: 613359 | P80: N/A | Q80: N/A | R80: N/A | S80: 10374 | T80: N/A | U80: 314912 | V80: 19549 | W80: 724 | X80: N/A | Y80: 466238 | Z80: N/A | AA80: N/A | AB80: N/A | AC80: N/A | AD80: N/A
A81: =_xlfn.XLOOKUP(E81,Lookups!$E:$E,Lookups!$F:$F,0) -> 0 | B81: 1 | C81: 2026-07-03 | E81: W4DE | F81: South Africa | G81: Electronic | H81: Big Indie Labels, Sony Music Entertainment | I81: 13743 | J81: 28515 | K81: 139999 | L81: 41516301 | M81: 604543 | N81: 971272 | O81: 26811 | P81: 41600 | Q81: 2246614 | R81: 31473 | S81: 6817 | T81: 328433 | U81: 127358 | V81: 22899 | W81: 263 | X81: 81 | Y81: 366653 | Z81: 13028 | AA81: 90 | AB81: 0 | AC81: 0 | AD81: 122.54069
A82: =_xlfn.XLOOKUP(E82,Lookups!$E:$E,Lookups!$F:$F,0) -> 0 | B82: 1 | C82: 2026-07-03 | E82: Da Muziqal Chef | F82: South Africa | G82: Electronic | H82: Universal Music Group, Sony Music Entertainment, Big Indie Labels | I82: 13798 | J82: 12009 | K82: 560605 | L82: 217249319 | M82: 745490 | N82: 1555488 | O82: 46935 | P82: 33700 | Q82: 4911100 | R82: 56948 | S82: 8005 | T82: 47971 | U82: 183145 | V82: 255767 | W82: 3832 | X82: N/A | Y82: 44128 | Z82: 11130 | AA82: 150 | AB82: 1 | AC82: 6 | AD82: 309.13287
A83: =_xlfn.XLOOKUP(E83,Lookups!$E:$E,Lookups!$F:$F,0) -> 0 | B83: 1 | C83: 2026-07-03 | E83: Lady Du | F83: South Africa | G83: Electronic | H83: Big Indie Labels, Universal Music Group, Warner Music Group, Sony Music Entertainment | I83: 14049 | J83: 27861 | K83: 424598 | L83: 96263973 | M83: 343636 | N83: 1045615 | O83: 23610 | P83: 44000 | Q83: 99321836 | R83: 723336 | S83: 8524 | T83: N/A | U83: 2042563 | V83: 2508608 | W83: 30553 | X83: 452 | Y83: 35652 | Z83: 19375 | AA83: 157 | AB83: 1 | AC83: 20 | AD83: 193.78552
A84: =_xlfn.XLOOKUP(E84,Lookups!$E:$E,Lookups!$F:$F,0) -> 0 | B84: 1 | C84: 2026-07-03 | E84: Soa Mattrix | F84: South Africa | G84: Electronic | H84: Big Indie Labels, Universal Music Group, Sony Music Entertainment | I84: 14135 | J84: 15030 | K84: 872284 | L84: 120201255 | M84: 701792 | N84: 1914336 | O84: 22073 | P84: 109000 | Q84: 83824707 | R84: 548750 | S84: 36729 | T84: 62348 | U84: 203625 | V84: 599076 | W84: 23656 | X84: N/A | Y84: 47384 | Z84: 10293 | AA84: 149 | AB84: 1 | AC84: 16 | AD84: 325.92518
A85: =_xlfn.XLOOKUP(E85,Lookups!$E:$E,Lookups!$F:$F,0) -> 0 | B85: 1 | C85: 2026-07-03 | E85: Ayox | F85: Nigeria | G85: Electronic | H85: N/A | I85: 14255 | J85: 19245 | K85: 363438 | L85: 89417211 | M85: 635533 | N85: 2328429 | O85: 33956 | P85: 97500 | Q85: 9137086 | R85: 204731 | S85: 17701 | T85: 1445326 | U85: 313887 | V85: 56431 | W85: 505 | X85: 29 | Y85: 90782 | Z85: N/A | AA85: N/A | AB85: N/A | AC85: N/A | AD85: N/A
A86: =_xlfn.XLOOKUP(E86,Lookups!$E:$E,Lookups!$F:$F,0) -> 0 | B86: 1 | C86: 2026-07-03 | E86: Reece Madlisa | F86: South Africa | G86: Electronic | H86: Big Indie Labels | I86: 14594 | J86: 25272 | K86: 780818 | L86: 64475520 | M86: 220324 | N86: 358883 | O86: 16290 | P86: 136000 | Q86: 132893503 | R86: 858845 | S86: 15026 | T86: N/A | U86: 1226808 | V86: 128029 | W86: 27029 | X86: N/A | Y86: 146064 | Z86: 26583 | AA86: 74 | AB86: 1 | AC86: 4 | AD86: 79.912058
A87: =_xlfn.XLOOKUP(E87,Lookups!$E:$E,Lookups!$F:$F,0) -> 0 | B87: 1 | C87: 2026-07-03 | E87: Hbk Live Act | F87: South Africa | G87: Electronic | H87: Big Indie Labels | I87: 14680 | J87: 62090 | K87: 27028 | L87: 17032233 | M87: 300113 | N87: 123327 | O87: 12554 | P87: 68800 | Q87: 22215684 | R87: 237335 | S87: 13847 | T87: 2034185 | U87: 551 | V87: 729058 | W87: 72 | X87: N/A | Y87: 234956 | Z87: N/A | AA87: N/A | AB87: N/A | AC87: N/A | AD87: N/A
A88: =_xlfn.XLOOKUP(E88,Lookups!$E:$E,Lookups!$F:$F,0) -> 0 | B88: 1 | C88: 2026-07-03 | E88: MFR Souls | F88: South Africa | G88: Electronic | H88: Big Indie Labels, Universal Music Group | I88: 14800 | J88: 26904 | K88: 533369 | L88: 56281663 | M88: 222181 | N88: 1769072 | O88: 18745 | P88: 251000 | Q88: 99113028 | R88: 633382 | S88: 34803 | T88: 62521 | U88: 329040 | V88: 533071 | W88: 45077 | X88: N/A | Y88: 18205 | Z88: 14870 | AA88: 181 | AB88: 1 | AC88: 4 | AD88: 291.1524
A89: =_xlfn.XLOOKUP(E89,Lookups!$E:$E,Lookups!$F:$F,0) -> 0 | B89: 1 | C89: 2026-07-03 | E89: Msaki | F89: South Africa | G89: Electronic | H89: Big Indie Labels, Universal Music Group, Sony Music Entertainment | I89: 15090 | J89: 19284 | K89: 375309 | L89: 152942980 | M89: 571092 | N89: 4177997 | O89: 20821 | P89: 59700 | Q89: 66887911 | R89: 434196 | S89: 25380 | T89: 2994 | U89: 315931 | V89: 899619 | W89: 22908 | X89: 3709 | Y89: 22312 | Z89: 5571 | AA89: 83 | AB89: 8 | AC89: 60 | AD89: 669.72385
A90: =_xlfn.XLOOKUP(E90,Lookups!$E:$E,Lookups!$F:$F,0) -> 0 | B90: 1 | C90: 2026-07-03 | E90: Gaba Cannal | F90: South Africa | G90: Electronic | H90: Big Indie Labels, Universal Music Group | I90: 15103 | J90: 22242 | K90: 564642 | L90: 64575461 | M90: 322841 | N90: 623604 | O90: 27708 | P90: 93400 | Q90: 23471103 | R90: 188925 | S90: 43562 | T90: 71354 | U90: 128610 | V90: 247252 | W90: 5906 | X90: 4687 | Y90: 17543 | Z90: 11010 | AA90: 327 | AB90: 0 | AC90: 0 | AD90: 388.93904
A91: =_xlfn.XLOOKUP(E91,Lookups!$E:$E,Lookups!$F:$F,0) -> 0 | B91: 1 | C91: 2026-07-03 | E91: Killorbeezbeatz | F91: South Africa | G91: Electronic | H91: N/A | I91: 15210 | J91: 58164 | K91: 95761 | L91: 23806008 | M91: 224358 | N91: 195778 | O91: 15667 | P91: 204000 | Q91: 56315195 | R91: 613240 | S91: 4065 | T91: 2175518 | U91: 114009 | V91: 1830031 | W91: 222 | X91: N/A | Y91: 58410 | Z91: N/A | AA91: N/A | AB91: N/A | AC91: N/A | AD91: N/A
A92: =_xlfn.XLOOKUP(E92,Lookups!$E:$E,Lookups!$F:$F,0) -> 0 | B92: 1 | C92: 2026-07-03 | E92: TOSS | F92: South Africa | G92: African | H92: Big Indie Labels, Sony Music Entertainment, Universal Music Group, Warner Music Group | I92: 15219 | J92: 29725 | K92: 365356 | L92: 58491787 | M92: 231414 | N92: 2617714 | O92: 20847 | P92: 137000 | Q92: 23556984 | R92: 324636 | S92: 4127 | T92: 1216776 | U92: 726792 | V92: 986172 | W92: 5557 | X92: 324 | Y92: 33074 | Z92: 20115 | AA92: 107 | AB92: 0 | AC92: 0 | AD92: 121.88559
A93: =_xlfn.XLOOKUP(E93,Lookups!$E:$E,Lookups!$F:$F,0) -> 0 | B93: 1 | C93: 2026-07-03 | E93: DJ Phaphane | F93: France | G93: Electronic | H93: N/A | I93: 15868 | J93: 771441 | K93: N/A | L93: N/A | M93: N/A | N93: N/A | O93: 14912 | P93: 62400 | Q93: 5084630 | R93: 90962 | S93: 7312 | T93: 2695008 | U93: 242326 | V93: N/A | W93: N/A | X93: 16063 | Y93: 466238 | Z93: N/A | AA93: N/A | AB93: N/A | AC93: N/A | AD93: N/A
A94: =_xlfn.XLOOKUP(E94,Lookups!$E:$E,Lookups!$F:$F,0) -> 0 | B94: 1 | C94: 2026-07-03 | E94: Myztro | F94: South Africa | G94: Electronic | H94: Sony Music Entertainment, Big Indie Labels | I94: 15905 | J94: 16332 | K94: 523784 | L94: 176770941 | M94: 654466 | N94: 3643292 | O94: 32271 | P94: 77300 | Q94: 11552313 | R94: 89379 | S94: 25617 | T94: 435501 | U94: 370959 | V94: 143223 | W94: 10642 | X94: 13 | Y94: 54152 | Z94: 15930 | AA94: 93 | AB94: 1 | AC94: 23 | AD94: 149.40756
A95: =_xlfn.XLOOKUP(E95,Lookups!$E:$E,Lookups!$F:$F,0) -> 0 | B95: 1 | C95: 2026-07-03 | E95: OSKIDO | F95: South Africa | G95: Electronic | H95: Sony Music Entertainment, Universal Music Group, Big Indie Labels | I95: 16303 | J95: 42066 | K95: 198791 | L95: 41190554 | M95: 275345 | N95: 711983 | O95: 22090 | P95: 187000 | Q95: 68881017 | R95: 522858 | S95: 8085 | T95: 1152017 | U95: 804211 | V95: 1668748 | W95: 27168 | X95: 1727 | Y95: 35186 | Z95: 7261 | AA95: 287 | AB95: 2 | AC95: 12 | AD95: 488.67118
A96: =_xlfn.XLOOKUP(E96,Lookups!$E:$E,Lookups!$F:$F,0) -> 0 | B96: 1 | C96: 2026-07-03 | E96: Mi Casa | F96: South Africa | G96: Electronic | H96: Universal Music Group, Warner Music Group | I96: 16583 | J96: 25845 | K96: 214766 | L96: 122191965 | M96: 504959 | N96: 2840429 | O96: 22422 | P96: 148000 | Q96: 65648502 | R96: 460794 | S96: 23757 | T96: N/A | U96: 163054 | V96: 765106 | W96: 85119 | X96: 15865 | Y96: 10533 | Z96: 22923 | AA96: 176 | AB96: 1 | AC96: 91 | AD96: 608.81591
A97: =_xlfn.XLOOKUP(E97,Lookups!$E:$E,Lookups!$F:$F,0) -> 0 | B97: 1 | C97: 2026-07-03 | E97: Azana | F97: South Africa | G97: Electronic | H97: Big Indie Labels, Universal Music Group, Warner Music Group | I97: 16589 | J97: 23652 | K97: 375684 | L97: 77995889 | M97: 462529 | N97: 1962207 | O97: 32188 | P97: 67700 | Q97: 39570509 | R97: 223084 | S97: 7801 | T97: N/A | U97: 415788 | V97: 1848500 | W97: 22394 | X97: N/A | Y97: 25143 | Z97: 21766 | AA97: 102 | AB97: 2 | AC97: 10 | AD97: 137.16429
A98: =_xlfn.XLOOKUP(E98,Lookups!$E:$E,Lookups!$F:$F,0) -> 0 | B98: 1 | C98: 2026-07-03 | E98: Mvzzle | F98: South Africa | G98: African | H98: Big Indie Labels | I98: 17019 | J98: 16880 | K98: 151703 | L98: 73082161 | M98: 683985 | N98: 838189 | O98: 22942 | P98: 35300 | Q98: 11384517 | R98: 69751 | S98: 20868 | T98: 267338 | U98: 33358 | V98: 71799 | W98: 193 | X98: N/A | Y98: 41547 | Z98: 36269 | AA98: 55 | AB98: 0 | AC98: 0 | AD98: 48.623903
A99: =_xlfn.XLOOKUP(E99,Lookups!$E:$E,Lookups!$F:$F,0) -> 0 | B99: 1 | C99: 2026-07-03 | E99: Cici | F99: South Africa | G99: Pop | H99: Universal Music Group | I99: 17068 | J99: 19773 | K99: 408405 | L99: 78523839 | M99: 435931 | N99: 1815607 | O99: 613359 | P99: N/A | Q99: N/A | R99: N/A | S99: 7495 | T99: 970010 | U99: 1307262 | V99: 10753 | W99: N/A | X99: N/A | Y99: 56495 | Z99: N/A | AA99: N/A | AB99: N/A | AC99: N/A | AD99: N/A
A100: =_xlfn.XLOOKUP(E100,Lookups!$E:$E,Lookups!$F:$F,0) -> 0 | B100: 1 | C100: 2026-07-03 | E100: Shaunmusiq | F100: South Africa | G100: Electronic | H100: Sony Music Entertainment, Big Indie Labels | I100: 17205 | J100: 16765 | K100: 324326 | L100: 186308185 | M100: 987924 | N100: 3576314 | O100: 559125 | P100: 55 | Q100: N/A | R100: N/A | S100: 19588 | T100: 226589 | U100: 131852 | V100: 100348 | W100: 1386 | X100: N/A | Y100: 93734 | Z100: 8495 | AA100: 164 | AB100: 0 | AC100: 0 | AD100: 272.16095
...

Sheet Streaming Data (2024-2026)
A1: Year | B1: Month | C1: <<>> | D1: Artist | E1: Date | F1: Total Spotify Followers | G1: Spotify Followers Change | H1: Total Spotify Streams | I1: Spotify Streams Change | J1: Total Spotify Monthly Listeners | K1: Spotify Monthly Listeners Change | L1: Total TikTok Followers | M1: TikTok Followers Change | N1: Total TikTok Likes | O1: TikTok Likes Change | P1: Total YouTube Subscribers | Q1: YouTube Subscribers Change | R1: Total YouTube Video Views | S1: YouTube Video Views Change | T1: Total Instagram Followers | U1: Instagram Followers Change | V1: Instagram Likes | W1: Total Airplay Spins | X1: Airplay Spins Change | Y1: Total Shazams | Z1: Shazams Change | AA1: Total Facebook Followers | AB1: Facebook Followers Change | AC1: Total SoundCloud Followers | AD1: SoundCloud Followers Change | AE1: Total SoundCloud Plays | AF1: SoundCloud Plays Change | AG1: Total Deezer Followers | AH1: Deezer Followers Change
A2: =YEAR(E2) -> 2024 | B2: =MONTH(E2) -> 7 | D2: Kabza De Small | E2: 2024-07-01 | F2: 3943718 | G2: 140077 | H2: 505367451 | I2: 21673764 | J2: 2333784 | K2: 182763 | L2: 372700 | M2: 8900 | N2: 280100 | O2: 4200 | P2: 60900 | Q2: 0 | R2: 335331667 | S2: 8542027 | T2: 2708658 | U2: 61564 | V2: 792000 | W2: 29262 | X2: 1316 | Y2: N/A | Z2: N/A | AA2: 2002234 | AB2: 4965 | AC2: 21773 | AD2: 196 | AE2: N/A | AF2: N/A | AG2: 212779 | AH2: 550
A3: =YEAR(E3) -> 2024 | B3: =MONTH(E3) -> 8 | D3: Kabza De Small | E3: 2024-08-01 | F3: 4127443 | G3: 183725 | H3: 526843061 | I3: 21244619 | J3: 2250150 | K3: -83634 | L3: 379000 | M3: 6300 | N3: 283100 | O3: 3000 | P3: 60800 | Q3: -100 | R3: 342904757 | S3: 7573090 | T3: 2731941 | U3: 23283 | V3: 405000 | W3: 30451 | X3: 1189 | Y3: N/A | Z3: N/A | AA3: 2002830 | AB3: 596 | AC3: 21926 | AD3: 153 | AE3: N/A | AF3: N/A | AG3: 213294 | AH3: 515
A4: =YEAR(E4) -> 2024 | B4: =MONTH(E4) -> 9 | D4: Kabza De Small | E4: 2024-09-01 | F4: 4372153 | G4: 244710 | H4: 547725136 | I4: 20684894 | J4: 2299229 | K4: 49079 | L4: 384700 | M4: 5700 | N4: 285500 | O4: 2400 | P4: 60800 | Q4: 0 | R4: 351402707 | S4: 8497951 | T4: 2744429 | U4: 12488 | V4: 149000 | W4: 31695 | X4: 1244 | Y4: N/A | Z4: N/A | AA4: 2003989 | AB4: 1159 | AC4: 22080 | AD4: 154 | AE4: N/A | AF4: N/A | AG4: 213834 | AH4: 540
A5: =YEAR(E5) -> 2024 | B5: =MONTH(E5) -> 10 | D5: Kabza De Small | E5: 2024-10-01 | F5: 4588310 | G5: 216157 | H5: 568595248 | I5: 20477035 | J5: 2291205 | K5: -8024 | L5: 387840 | M5: 3140 | N5: 285500 | O5: 0 | P5: 60800 | Q5: 0 | R5: 359187005 | S5: 7784298 | T5: 2787904 | U5: 43475 | V5: 195552 | W5: 33004 | X5: 1309 | Y5: N/A | Z5: N/A | AA5: 2006996 | AB5: 3007 | AC5: 22169 | AD5: 89 | AE5: N/A | AF5: N/A | AG5: 214307 | AH5: 473
A6: =YEAR(E6) -> 2024 | B6: =MONTH(E6) -> 11 | D6: Kabza De Small | E6: 2024-11-01 | F6: 4782667 | G6: 194357 | H6: 590437778 | I6: 21316090 | J6: 2355684 | K6: 64479 | L6: 398750 | M6: 10910 | N6: 285500 | O6: 0 | P6: 300000 | Q6: 239200 | R6: 367357077 | S6: 7985247 | T6: 2814694 | U6: 26790 | V6: 558243 | W6: 34450 | X6: 1446 | Y6: N/A | Z6: N/A | AA6: 2010197 | AB6: 3201 | AC6: 22265 | AD6: 96 | AE6: 500547 | AF6: 255 | AG6: 214836 | AH6: 529
A7: =YEAR(E7) -> 2024 | B7: =MONTH(E7) -> 12 | D7: Kabza De Small | E7: 2024-12-01 | F7: 4993026 | G7: 210359 | H7: 614900690 | I7: 24191321 | J7: 2633727 | K7: 278043 | L7: 404700 | M7: 5950 | N7: 295700 | O7: 10200 | P7: 325000 | Q7: 25000 | R7: 377085048 | S7: 9727971 | T7: 2843408 | U7: 28714 | V7: 413466 | W7: 35805 | X7: 1355 | Y7: N/A | Z7: N/A | AA7: 2016647 | AB7: 6450 | AC7: 22345 | AD7: 80 | AE7: 507420 | AF7: 6873 | AG7: 215431 | AH7: 595
A8: =YEAR(E8) -> 2025 | B8: =MONTH(E8) -> 1 | D8: Kabza De Small | E8: 2025-01-01 | F8: 5222714 | G8: 229688 | H8: 643747228 | I8: 28325229 | J8: 3088574 | K8: 454847 | L8: 408700 | M8: 4000 | N8: 297200 | O8: 1500 | P8: 350000 | Q8: 25000 | R8: 388456111 | S8: 11310425 | T8: 2869736 | U8: 26328 | V8: 353867 | W8: 37226 | X8: 1421 | Y8: N/A | Z8: N/A | AA8: 2019042 | AB8: 2395 | AC8: 22416 | AD8: 71 | AE8: 515239 | AF8: 7584 | AG8: 216084 | AH8: 653
A9: =YEAR(E9) -> 2025 | B9: =MONTH(E9) -> 2 | D9: Kabza De Small | E9: 2025-02-01 | F9: 5387842 | G9: 165128 | H9: 664769093 | I9: 21021865 | J9: 2419870 | K9: -668704 | L9: 408700 | M9: 0 | N9: 297200 | O9: 0 | P9: 363000 | Q9: 13000 | R9: 395696594 | S9: 7240483 | T9: 2884863 | U9: 15127 | V9: 177250 | W9: 38623 | X9: 1397 | Y9: N/A | Z9: N/A | AA9: 2019410 | AB9: 368 | AC9: 22495 | AD9: 79 | AE9: 523021 | AF9: 7782 | AG9: 216569 | AH9: 485
A10: =YEAR(E10) -> 2025 | B10: =MONTH(E10) -> 3 | D10: Kabza De Small | E10: 2025-03-01 | F10: 5522544 | G10: 134702 | H10: 682413795 | I10: 17612200 | J10: 2368723 | K10: -51147 | L10: 408700 | M10: 0 | N10: 297200 | O10: 0 | P10: 374000 | Q10: 11000 | R10: 402522248 | S10: 6825654 | T10: 2897550 | U10: 12687 | V10: 193124 | W10: 39828 | X10: 1205 | Y10: N/A | Z10: N/A | AA10: 2020778 | AB10: 1368 | AC10: 22554 | AD10: 59 | AE10: 529810 | AF10: 6789 | AG10: 216946 | AH10: 377
A11: =YEAR(E11) -> 2025 | B11: =MONTH(E11) -> 4 | D11: Kabza De Small | E11: 2025-04-01 | F11: 5657707 | G11: 135163 | H11: 702950129 | I11: 20209966 | J11: 2397713 | K11: 28990 | L11: 408700 | M11: 0 | N11: 297200 | O11: 0 | P11: 388000 | Q11: 14000 | R11: 410289157 | S11: 7766909 | T11: 2928569 | U11: 31019 | V11: 747585 | W11: 41146 | X11: 1318 | Y11: N/A | Z11: N/A | AA11: 2024156 | AB11: 3378 | AC11: 22637 | AD11: 83 | AE11: 537807 | AF11: 7997 | AG11: 217610 | AH11: 664
A12: =YEAR(E12) -> 2025 | B12: =MONTH(E12) -> 5 | D12: Kabza De Small | E12: 2025-05-01 | F12: 5819145 | G12: 161438 | H12: 723180977 | I12: 19987562 | J12: 2514876 | K12: 117163 | L12: 408700 | M12: 0 | N12: 297200 | O12: 0 | P12: 405000 | Q12: 17000 | R12: 417746817 | S12: 7274514 | T12: 2948624 | U12: 20055 | V12: 433878 | W12: 42245 | X12: 1099 | Y12: N/A | Z12: N/A | AA12: 2021947 | AB12: -2209 | AC12: 22711 | AD12: 74 | AE12: 545554 | AF12: 7747 | AG12: 218071 | AH12: 461
A13: =YEAR(E13) -> 2025 | B13: =MONTH(E13) -> 6 | D13: Kabza De Small | E13: 2025-06-01 | F13: 5968283 | G13: 149138 | H13: 747253152 | I13: 23979228 | J13: 2632370 | K13: 117494 | L13: 408700 | M13: 0 | N13: 297200 | O13: 0 | P13: 418000 | Q13: 13000 | R13: 425396293 | S13: 7639777 | T13: 2965004 | U13: 16380 | V13: 192416 | W13: 46424 | X13: 4179 | Y13: N/A | Z13: N/A | AA13: 2023045 | AB13: 1098 | AC13: 22799 | AD13: 88 | AE13: 554727 | AF13: 9173 | AG13: 218541 | AH13: 470
A14: =YEAR(E14) -> 2025 | B14: =MONTH(E14) -> 7 | D14: Kabza De Small | E14: 2025-07-01 | F14: 6073080 | G14: 104797 | H14: 770682482 | I14: 22966695 | J14: 2812208 | K14: 179838 | L14: 425920 | M14: 17220 | N14: 304020 | O14: 6820 | P14: 435000 | Q14: 17000 | R14: 432626415 | S14: 7227565 | T14: 2989468 | U14: 24464 | V14: 463424 | W14: 51197 | X14: 4773 | Y14: N/A | Z14: N/A | AA14: 2023387 | AB14: 342 | AC14: 22876 | AD14: 77 | AE14: 562851 | AF14: 8064 | AG14: 219102 | AH14: 561
A15: =YEAR(E15) -> 2025 | B15: =MONTH(E15) -> 8 | D15: Kabza De Small | E15: 2025-08-01 | F15: 6219373 | G15: 146293 | H15: 806892490 | I15: 32841299 | J15: 3271805 | K15: 459597 | L15: 432400 | M15: 6480 | N15: 309300 | O15: 5280 | P15: 462000 | Q15: 27000 | R15: 439676480 | S15: 7038938 | T15: 3029699 | U15: 40231 | V15: 729772 | W15: 56088 | X15: 4891 | Y15: N/A | Z15: N/A | AA15: 2033791 | AB15: 10404 | AC15: 22961 | AD15: 85 | AE15: 571123 | AF15: 8034 | AG15: 219810 | AH15: 708
A16: =YEAR(E16) -> 2025 | B16: =MONTH(E16) -> 9 | D16: Kabza De Small | E16: 2025-09-01 | F16: 6372718 | G16: 153345 | H16: 845746693 | I16: 38665680 | J16: 3375181 | K16: 103376 | L16: 438000 | M16: 5600 | N16: 314700 | O16: 5400 | P16: 482000 | Q16: 20000 | R16: 447075977 | S16: 7391766 | T16: 3047626 | U16: 17927 | V16: 807527 | W16: 61720 | X16: 5632 | Y16: N/A | Z16: N/A | AA16: 2049234 | AB16: 15443 | AC16: 23060 | AD16: 99 | AE16: 578998 | AF16: 7875 | AG16: 220493 | AH16: 683
A17: =YEAR(E17) -> 2025 | B17: =MONTH(E17) -> 10 | D17: Kabza De Small | E17: 2025-10-01 | F17: 6524304 | G17: 151586 | H17: 884818101 | I17: 38265832 | J17: 3497866 | K17: 122685 | L17: 441300 | M17: 3300 | N17: 317300 | O17: 2600 | P17: 498000 | Q17: 16000 | R17: 454091682 | S17: 7014415 | T17: 3068902 | U17: 21276 | V17: 116778 | W17: 67374 | X17: 5654 | Y17: N/A | Z17: N/A | AA17: 2063220 | AB17: 13986 | AC17: 23148 | AD17: 88 | AE17: 587216 | AF17: 8218 | AG17: 221066 | AH17: 573
... A22: =YEAR(E22) -> 2026 | B22: =MONTH(E22) -> 3 | D22: Kabza De Small | E22: 2026-03-01 | F22: 7334070 | G22: 137158 | H22: 1034766488 | I22: 22721618 | J22: 3079098 | K22: 42764 | L22: 454020 | M22: 3000 | N22: 326600 | O22: 0 | P22: 551000 | Q22: 8000 | R22: 484538429 | S22: 6155857 | T22: 3134717 | U22: 12550 | V22: 175528 | W22: 88829 | X22: 3958 | Y22: N/A | Z22: N/A | AA22: 2084313 | AB22: 7548 | AC22: 23541 | AD22: 101 | AE22: 620146 | AF22: 7973 | AG22: 223394 | AH22: 370
A23: =YEAR(E23) -> 2026 | B23: =MONTH(E23) -> 4 | D23: Kabza De Small | E23: 2026-04-01 | F23: 7520172 | G23: 186102 | H23: 1062295287 | I23: 27281686 | J23: 3267700 | K23: 188602 | L23: 456970 | M23: 2114 | N23: 334315 | O23: 718 | P23: 563000 | Q23: 12000 | R23: 491867337 | S23: 7328913 | T23: 3148655 | U23: 13938 | V23: 90782 | W23: 93014 | X23: 4185 | Y23: 65425759 | Z23: 637237 | AA23: 2111113 | AB23: 26800 | AC23: 23645 | AD23: 104 | AE23: 626464 | AF23: 6311 | AG23: 223923 | AH23: 529
A24: =YEAR(E24) -> 2026 | B24: =MONTH(E24) -> 5 | D24: Kabza De Small | E24: 2026-05-01 | F24: 7646607 | G24: 126435 | H24: 1087941638 | I24: 25568425 | J24: 3211035 | K24: -56665 | L24: 460320 | M24: 3350 | N24: 337952 | O24: 3637 | P24: 573000 | Q24: 10000 | R24: 499019254 | S24: 7151917 | T24: 3162014 | U24: 13359 | V24: 141073 | W24: 97564 | X24: 4550 | Y24: 65504766 | Z24: 79007 | AA24: 2123312 | AB24: 12199 | AC24: 23743 | AD24: 98 | AE24: 632867 | AF24: 6403 | AG24: 224404 | AH24: 481
A25: =YEAR(E25) -> 2026 | B25: =MONTH(E25) -> 6 | D25: Kabza De Small | E25: 2026-06-01 | F25: 7781089 | G25: 134482 | H25: 1121801331 | I25: 32160407 | J25: 4217498 | K25: 1006463 | L25: 464610 | M25: 4290 | N25: 343264 | O25: 5312 | P25: 584000 | Q25: 11000 | R25: 506579169 | S25: 7559915 | T25: 3147714 | U25: -14300 | V25: 167381 | W25: 102214 | X25: 4650 | Y25: 67284391 | Z25: 1779625 | AA25: 2130400 | AB25: 7088 | AC25: 23813 | AD25: 70 | AE25: 638213 | AF25: 5347 | AG25: 224915 | AH25: 511
A26: =YEAR(E26) -> 2026 | B26: =MONTH(E26) -> 7 | D26: Kabza De Small | E26: 2026-07-01 | F26: 7903606 | G26: 122517 | H26: 1148699708 | I26: 26873378 | J26: 3831583 | K26: -385915 | L26: 466332 | M26: 1722 | N26: 345293 | O26: 2029 | P26: 593000 | Q26: 9000 | R26: 514051287 | S26: 7472119 | T26: 3152533 | U26: 4819 | V26: 178830 | W26: 106230 | X26: 4016 | Y26: 67925845 | Z26: 667039 | AA26: 2130400 | AB26: 0 | AC26: 23876 | AD26: 63 | AE26: 643601 | AF26: 5388 | AG26: 225364 | AH26: 449
A27: =YEAR(E27) -> 2024 | B27: =MONTH(E27) -> 7 | D27: DJ Maphorisa | E27: 2024-07-01 | F27: 2405061 | G27: 49456 | H27: 656914065 | I27: 20908537 | J27: 2624458 | K27: 230878 | L27: 1500000 | M27: 0 | N27: 6100000 | O27: 500000 | P27: 635000 | Q27: 10000 | R27: 594839553 | S27: 8665412 | T27: 3260867 | U27: 31909 | V27: 1175000 | W27: 4310 | X27: 204 | Y27: N/A | Z27: N/A | AA27: 4355081 | AB27: -1107 | AC27: 38838 | AD27: 119 | AE27: N/A | AF27: N/A | AG27: 215753 | AH27: 367
A28: =YEAR(E28) -> 2024 | B28: =MONTH(E28) -> 8 | D28: DJ Maphorisa | E28: 2024-08-01 | F28: 2447753 | G28: 42692 | H28: 681893836 | I28: 24263666 | J28: 2545831 | K28: -78627 | L28: 1600000 | M28: 100000 | N28: 7100000 | O28: 1000000 | P28: 643000 | Q28: 8000 | R28: 603056513 | S28: 8171102 | T28: 3284946 | U28: 24079 | V28: 391000 | W28: 4437 | X28: 127 | Y28: N/A | Z28: N/A | AA28: 4357838 | AB28: 2757 | AC28: 38952 | AD28: 114 | AE28: N/A | AF28: N/A | AG28: 216123 | AH28: 370
A29: =YEAR(E29) -> 2024 | B29: =MONTH(E29) -> 9 | D29: DJ Maphorisa | E29: 2024-09-01 | F29: 2541174 | G29: 93421 | H29: 706979463 | I29: 24965777 | J29: 2577883 | K29: 32052 | L29: 1700000 | M29: 100000 | N29: 7700000 | O29: 600000 | P29: 651000 | Q29: 8000 | R29: 612000872 | S29: 8944359 | T29: 3319476 | U29: 34530 | V29: 616000 | W29: 4535 | X29: 98 | Y29: N/A | Z29: N/A | AA29: 4377242 | AB29: 19404 | AC29: 39075 | AD29: 123 | AE29: N/A | AF29: N/A | AG29: 216518 | AH29: 395
A30: =YEAR(E30) -> 2024 | B30: =MONTH(E30) -> 10 | D30: DJ Maphorisa | E30: 2024-10-01 | F30: 2621909 | G30: 80735 | H30: 731369104 | I30: 23933635 | J30: 2627627 | K30: 49744 | L30: 1700000 | M30: 0 | N30: 7800000 | O30: 100000 | P30: 659000 | Q30: 8000 | R30: 620914397 | S30: 8913525 | T30: 3366007 | U30: 46531 | V30: 50238 | W30: 4674 | X30: 139 | Y30: N/A | Z30: N/A | AA30: 4413025 | AB30: 35783 | AC30: 39177 | AD30: 102 | AE30: N/A | AF30: N/A | AG30: 216897 | AH30: 379
A31: =YEAR(E31) -> 2024 | B31: =MONTH(E31) -> 11 | D31: DJ Maphorisa | E31: 2024-11-01 | F31: 2662018 | G31: 40109 | H31: 756164146 | I31: 24443697 | J31: 2704198 | K31: 76571 | L31: 1760000 | M31: 60000 | N31: 7800000 | O31: 0 | P31: 666000 | Q31: 7000 | R31: 629457436 | S31: 8543039 | T31: 3384767 | U31: 18760 | V31: 383875 | W31: 4794 | X31: 120 | Y31: N/A | Z31: N/A | AA31: 4413493 | AB31: 468 | AC31: 39277 | AD31: 100 | AE31: 5554464 | AF31: 564 | AG31: 217307 | AH31: 410
A32: =YEAR(E32) -> 2024 | B32: =MONTH(E32) -> 12 | D32: DJ Maphorisa | E32: 2024-12-01 | F32: 2708797 | G32: 46779 | H32: 786515553 | I32: 29917017 | J32: 2931422 | K32: 227224 | L32: 1800000 | M32: 40000 | N32: 8900000 | O32: 1100000 | P32: 693000 | Q32: 27000 | R32: 641883773 | S32: 11992335 | T32: 3407234 | U32: 22467 | V32: 307733 | W32: 4916 | X32: 122 | Y32: N/A | Z32: N/A | AA32: 4424809 | AB32: 11316 | AC32: 39383 | AD32: 106 | AE32: 5571785 | AF32: 17321 | AG32: 217769 | AH32: 462
A33: =YEAR(E33) -> 2025 | B33: =MONTH(E33) -> 1 | D33: DJ Maphorisa | E33: 2025-01-01 | F33: 2771816 | G33: 63019 | H33: 827251443 | I33: 40299124 | J33: 3572918 | K33: 641496 | L33: 1800000 | M33: 0 | N33: 9100000 | O33: 200000 | P33: 736000 | Q33: 43000 | R33: 659449218 | S33: 17565445 | T33: 3427759 | U33: 20525 | V33: 343951 | W33: 5024 | X33: 108 | Y33: N/A | Z33: N/A | AA33: 4451986 | AB33: 27177 | AC33: 39498 | AD33: 115 | AE33: 5590126 | AF33: 18341 | AG33: 218329 | AH33: 560
A34: =YEAR(E34) -> 2025 | B34: =MONTH(E34) -> 2 | D34: DJ Maphorisa | E34: 2025-02-01 | F34: 2821351 | G34: 49535 | H34: 856582922 | I34: 29331557 | J34: 2774789 | K34: -798129 | L34: 1840000 | M34: 40000 | N34: 9540000 | O34: 440000 | P34: 779000 | Q34: 43000 | R34: 675765340 | S34: 16316122 | T34: 3454163 | U34: 26404 | V34: 722360 | W34: 5122 | X34: 98 | Y34: N/A | Z34: N/A | AA34: 4480162 | AB34: 28176 | AC34: 39616 | AD34: 118 | AE34: 5607808 | AF34: 17682 | AG34: 218770 | AH34: 441
A35: =YEAR(E35) -> 2025 | B35: =MONTH(E35) -> 3 | D35: DJ Maphorisa | E35: 2025-03-01 | F35: 2868573 | G35: 47222 | H35: 883686152 | I35: 26777718 | J35: 3029601 | K35: 254812 | L35: 1840000 | M35: 0 | N35: 9540000 | O35: 0 | P35: 836000 | Q35: 57000 | R35: 697553956 | S35: 21193066 | T35: 3465384 | U35: 11221 | V35: 257505 | W35: 5197 | X35: 75 | Y35: N/A | Z35: N/A | AA35: 4482978 | AB35: 2816 | AC35: 39731 | AD35: 115 | AE35: 5624033 | AF35: 16131 | AG35: 219086 | AH35: 316
A36: =YEAR(E36) -> 2025 | B36: =MONTH(E36) -> 4 | D36: DJ Maphorisa | E36: 2025-04-01 | F36: 2915282 | G36: 46709 | H36: 915573739 | I36: 30576808 | J36: 3311287 | K36: 281686 | L36: 1840000 | M36: 0 | N36: 9540000 | O36: 0 | P36: 894000 | Q36: 58000 | R36: 719795809 | S36: 21805650 | T36: 3468796 | U36: 3412 | V36: 321530 | W36: 5265 | X36: 68 | Y36: N/A | Z36: N/A | AA36: 4490262 | AB36: 7284 | AC36: 39872 | AD36: 141 | AE36: 5642150 | AF36: 17724 | AG36: 219717 | AH36: 631
A37: =YEAR(E37) -> 2025 | B37: =MONTH(E37) -> 5 | D37: DJ Maphorisa | E37: 2025-05-01 | F37: 2978428 | G37: 63146 | H37: 949780533 | I37: 34110636 | J37: 3463175 | K37: 151888 | L37: 1840000 | M37: 0 | N37: 9540000 | O37: 0 | P37: 954000 | Q37: 60000 | R37: 741653373 | S37: 21837172 | T37: 3473592 | U37: 4796 | V37: 291857 | W37: 5327 | X37: 62 | Y37: N/A | Z37: N/A | AA37: 4492236 | AB37: 1974 | AC37: 40040 | AD37: 168 | AE37: 5660744 | AF37: 18589 | AG37: 220138 | AH37: 421
A38: =YEAR(E38) -> 2025 | B38: =MONTH(E38) -> 6 | D38: DJ Maphorisa | E38: 2025-06-01 | F38: 3037394 | G38: 58966 | H38: 984536074 | I38: 34619866 | J38: 3433738 | K38: -29437 | L38: 1840000 | M38: 0 | N38: 9540000 | O38: 0 | P38: 1000000 | Q38: 46000 | R38: 759614400 | S38: 17955254 | T38: 3481607 | U38: 8015 | V38: 190547 | W38: 6451 | X38: 1124 | Y38: N/A | Z38: N/A | AA38: 4495813 | AB38: 3577 | AC38: 40170 | AD38: 130 | AE38: 5680946 | AF38: 20201 | AG38: 220573 | AH38: 435
A39: =YEAR(E39) -> 2025 | B39: =MONTH(E39) -> 7 | D39: DJ Maphorisa | E39: 2025-07-01 | F39: 3113325 | G39: 75931 | H39: 1015338775 | I39: 30723975 | J39: 3515461 | K39: 81723 | L39: 2020000 | M39: 180000 | N39: 11920000 | O39: 2380000 | P39: 1040000 | Q39: 40000 | R39: 776839652 | S39: 17216620 | T39: 3488933 | U39: 7326 | V39: 180987 | W39: 7964 | X39: 1513 | Y39: N/A | Z39: N/A | AA39: 4495139 | AB39: -674 | AC39: 40293 | AD39: 123 | AE39: 5699570 | AF39: 18624 | AG39: 221116 | AH39: 543
A40: =YEAR(E40) -> 2025 | B40: =MONTH(E40) -> 8 | D40: DJ Maphorisa | E40: 2025-08-01 | F40: 3205657 | G40: 92332 | H40: 1051342700 | I40: 35670325 | J40: 3671315 | K40: 155854 | L40: 2100000 | M40: 80000 | N40: 14200000 | O40: 2280000 | P40: 1080000 | Q40: 40000 | R40: 793010580 | S40: 15998864 | T40: 3505744 | U40: 16811 | V40: 641992 | W40: 9379 | X40: 1415 | Y40: N/A | Z40: N/A | AA40: 4497678 | AB40: 2539 | AC40: 40438 | AD40: 145 | AE40: 5719328 | AF40: 19758 | AG40: 221761 | AH40: 645
A41: =YEAR(E41) -> 2025 | B41: =MONTH(E41) -> 9 | D41: DJ Maphorisa | E41: 2025-09-01 | F41: 3317371 | G41: 111714 | H41: 1085492942 | I41: 33582078 | J41: 3955627 | K41: 284312 | L41: 2200000 | M41: 100000 | N41: 15300000 | O41: 1100000 | P41: 1210000 | Q41: 130000 | R41: 810456354 | S41: 17141301 | T41: 3535093 | U41: 29349 | V41: 492528 | W41: 11077 | X41: 1698 | Y41: N/A | Z41: N/A | AA41: 4507480 | AB41: 9802 | AC41: 40574 | AD41: 136 | AE41: 5738839 | AF41: 19511 | AG41: 222332 | AH41: 571
A42: =YEAR(E42) -> 2025 | B42: =MONTH(E42) -> 10 | D42: DJ Maphorisa | E42: 2025-10-01 | F42: 3442852 | G42: 125481 | H42: 1125735915 | I42: 39494590 | J42: 3947710 | K42: -7917 | L42: 2300000 | M42: 100000 | N42: 16600000 | O42: 1300000 | P42: 1250000 | Q42: 40000 | R42: 826909470 | S42: 16445418 | T42: 3594944 | U42: 59851 | V42: 270424 | W42: 12547 | X42: 1470 | Y42: N/A | Z42: N/A | AA42: 4511759 | AB42: 4279 | AC42: 40688 | AD42: 114 | AE42: 5756807 | AF42: 17968 | AG42: 222789 | AH42: 457
... A47: =YEAR(E47) -> 2026 | B47: =MONTH(E47) -> 3 | D47: DJ Maphorisa | E47: 2026-03-01 | F47: 4056869 | G47: 79407 | H47: 1328133349 | I47: 31379329 | J47: 4893966 | K47: -130466 | L47: 2330000 | M47: 0 | N47: 17900000 | O47: 0 | P47: 1370000 | Q47: 20000 | R47: 908735145 | S47: 13855993 | T47: 3728962 | U47: 17828 | V47: 174320 | W47: 19573 | X47: 1496 | Y47: N/A | Z47: N/A | AA47: 4620784 | AB47: 8576 | AC47: 41249 | AD47: 106 | AE47: 5853514 | AF47: 21494 | AG47: 224755 | AH47: 346
A48: =YEAR(E48) -> 2026 | B48: =MONTH(E48) -> 4 | D48: DJ Maphorisa | E48: 2026-04-01 | F48: 4198055 | G48: 141186 | H48: 1362692089 | I48: 34575552 | J48: 4876913 | K48: -17053 | L48: 2341654 | M48: 10919 | N48: 18754553 | O48: 45586 | P48: 1380000 | Q48: 10000 | R48: 923800761 | S48: 15065638 | T48: 3748837 | U48: 19875 | V48: 138273 | W48: 21123 | X48: 1550 | Y48: 78933612 | Z48: 593440 | AA48: 4628907 | AB48: 8123 | AC48: 41354 | AD48: 105 | AE48: 5871423 | AF48: 17909 | AG48: 225172 | AH48: 417
A49: =YEAR(E49) -> 2026 | B49: =MONTH(E49) -> 5 | D49: DJ Maphorisa | E49: 2026-05-01 | F49: 4286302 | G49: 88247 | H49: 1399013970 | I49: 36096564 | J49: 5149111 | K49: 272198 | L49: 2359406 | M49: 17752 | N49: 19160526 | O49: 405973 | P49: 1390000 | Q49: 10000 | R49: 938238258 | S49: 14434495 | T49: 3763657 | U49: 14820 | V49: 251933 | W49: 22721 | X49: 1598 | Y49: 79074633 | Z49: 141021 | AA49: 4636427 | AB49: 7520 | AC49: 41470 | AD49: 116 | AE49: 5889872 | AF49: 18449 | AG49: 225549 | AH49: 377
A50: =YEAR(E50) -> 2026 | B50: =MONTH(E50) -> 6 | D50: DJ Maphorisa | E50: 2026-06-01 | F50: 4381160 | G50: 94858 | H50: 1433092880 | I50: 34072938 | J50: 4954074 | K50: -195037 | L50: 2384780 | M50: 25374 | N50: 20309712 | O50: 1149186 | P50: 1410000 | Q50: 20000 | R50: 953648483 | S50: 15388053 | T50: 3739455 | U50: -24202 | V50: 353790 | W50: 24293 | X50: 1572 | Y50: 80840935 | Z50: 1766302 | AA50: 4654128 | AB50: 17701 | AC50: 41567 | AD50: 97 | AE50: 5907626 | AF50: 17760 | AG50: 225989 | AH50: 440
A51: =YEAR(E51) -> 2026 | B51: =MONTH(E51) -> 7 | D51: DJ Maphorisa | E51: 2026-07-01 | F51: 4456656 | G51: 75496 | H51: 1462975291 | I51: 29870927 | J51: 4697892 | K51: -256182 | L51: 2398118 | M51: 13338 | N51: 20950262 | O51: 640550 | P51: 1430000 | Q51: 20000 | R51: 968015697 | S51: 14367281 | T51: 3753975 | U51: 14520 | V51: 299395 | W51: 25701 | X51: 1408 | Y51: 81533950 | Z51: 693015 | AA51: 4656475 | AB51: 2347 | AC51: 41685 | AD51: 118 | AE51: 5926254 | AF51: 18628 | AG51: 226366 | AH51: 377
A52: =YEAR(E52) -> 2024 | B52: =MONTH(E52) -> 7 | D52: Kelvin Momo | E52: 2024-07-01 | F52: 1621714 | G52: 117173 | H52: 167538498 | I52: 12205500 | J52: 1346568 | K52: -156402 | L52: 80300 | M52: 2600 | N52: 213900 | O52: 3100 | P52: 190000 | Q52: 8000 | R52: 42297519 | S52: 3559025 | T52: 800973 | U52: 12457 | V52: 37000 | W52: 1717 | X52: 167 | Y52: N/A | Z52: N/A | AA52: 264548 | AB52: 1288 | AC52: N/A | AD52: N/A | AE52: N/A | AF52: N/A | AG52: 25840 | AH52: 305
A53: =YEAR(E53) -> 2024 | B53: =MONTH(E53) -> 8 | D53: Kelvin Momo | E53: 2024-08-01 | F53: 1712614 | G53: 90900 | H53: 178713100 | I53: 11111933 | J53: 1232375 | K53: -114193 | L53: 82400 | M53: 2100 | N53: 217600 | O53: 3700 | P53: 197000 | Q53: 7000 | R53: 45540467 | S53: 3242948 | T53: 811937 | U53: 10964 | V53: 230000 | W53: 1838 | X53: 121 | Y53: N/A | Z53: N/A | AA53: 266440 | AB53: 1892 | AC53: N/A | AD53: N/A | AE53: N/A | AF53: N/A | AG53: 26140 | AH53: 300
A54: =YEAR(E54) -> 2024 | B54: =MONTH(E54) -> 9 | D54: Kelvin Momo | E54: 2024-09-01 | F54: 1862705 | G54: 150091 | H54: 198409742 | I54: 16853339 | J54: 1512717 | K54: 280342 | L54: 87800 | M54: 5400 | N54: 232800 | O54: 15200 | P54: 221000 | Q54: 24000 | R54: 53917227 | S54: 6204578 | T54: 840152 | U54: 28215 | V54: 537000 | W54: 1922 | X54: 84 | Y54: N/A | Z54: N/A | AA54: 272983 | AB54: 6543 | AC54: N/A | AD54: N/A | AE54: N/A | AF54: N/A | AG54: 26499 | AH54: 359
A55: =YEAR(E55) -> 2024 | B55: =MONTH(E55) -> 10 | D55: Kelvin Momo | E55: 2024-10-01 | F55: 1998167 | G55: 135462 | H55: 212140463 | I55: 13651169 | J55: 1352606 | K55: -160111 | L55: 87800 | M55: 0 | N55: 232800 | O55: 0 | P55: 230000 | Q55: 9000 | R55: 59023613 | S55: 5106386 | T55: 872398 | U55: 32246 | V55: 135753 | W55: 2006 | X55: 84 | Y55: N/A | Z55: N/A | AA55: 274467 | AB55: 1484 | AC55: N/A | AD55: N/A | AE55: N/A | AF55: N/A | AG55: 26788 | AH55: 289
A56: =YEAR(E56) -> 2024 | B56: =MONTH(E56) -> 11 | D56: Kelvin Momo | E56: 2024-11-01 | F56: 2113444 | G56: 115277 | H56: 227275309 | I56: 14320063 | J56: 1523804 | K56: 171198 | L56: 87800 | M56: 0 | N56: 232800 | O56: 0 | P56: 241000 | Q56: 11000 | R56: 64941653 | S56: 5215918 | T56: 899536 | U56: 27138 | V56: 440058 | W56: 2076 | X56: 70 | Y56: N/A | Z56: N/A | AA56: 277105 | AB56: 2638 | AC56: N/A | AD56: N/A | AE56: N/A | AF56: N/A | AG56: 27121 | AH56: 333
A57: =YEAR(E57) -> 2024 | B57: =MONTH(E57) -> 12 | D57: Kelvin Momo | E57: 2024-12-01 | F57: 2236679 | G57: 123235 | H57: 241444170 | I57: 14145780 | J57: 1429683 | K57: -94121 | L57: 98300 | M57: 10500 | N57: 252600 | O57: 19800 | P57: 250000 | Q57: 9000 | R57: 70466491 | S57: 5517087 | T57: 920056 | U57: 20520 | V57: 40957 | W57: 2159 | X57: 83 | Y57: N/A | Z57: N/A | AA57: 278268 | AB57: 1163 | AC57: N/A | AD57: N/A | AE57: N/A | AF57: N/A | AG57: 27512 | AH57: 391
A58: =YEAR(E58) -> 2025 | B58: =MONTH(E58) -> 1 | D58: Kelvin Momo | E58: 2025-01-01 | F58: 2409367 | G58: 172688 | H58: 264844826 | I58: 21797485 | J58: 1905393 | K58: 475710 | L58: 99400 | M58: 1100 | N58: 253500 | O58: 900 | P58: 275000 | Q58: 25000 | R58: 81196906 | S58: 9422601 | T58: 943031 | U58: 22975 | V58: 279162 | W58: 2238 | X58: 79 | Y58: N/A | Z58: N/A | AA58: 283450 | AB58: 5182 | AC58: N/A | AD58: N/A | AE58: N/A | AF58: N/A | AG58: 28017 | AH58: 505
A59: =YEAR(E59) -> 2025 | B59: =MONTH(E59) -> 2 | D59: Kelvin Momo | E59: 2025-02-01 | F59: 2544701 | G59: 135334 | H59: 285547458 | I59: 20649917 | J59: 1654569 | K59: -250824 | L59: 107430 | M59: 8030 | N59: 281360 | O59: 27860 | P59: 293000 | Q59: 18000 | R59: 90252663 | S59: 9055757 | T59: 954636 | U59: 11605 | V59: 92410 | W59: 2305 | X59: 67 | Y59: N/A | Z59: N/A | AA59: 286206 | AB59: 2756 | AC59: N/A | AD59: N/A | AE59: N/A | AF59: N/A | AG59: 28486 | AH59: 469
A60: =YEAR(E60) -> 2025 | B60: =MONTH(E60) -> 3 | D60: Kelvin Momo | E60: 2025-03-01 | F60: 2657300 | G60: 112599 | H60: 302866270 | I60: 17295784 | J60: 1599992 | K60: -54577 | L60: 107430 | M60: 0 | N60: 281360 | O60: 0 | P60: 308000 | Q60: 15000 | R60: 98404611 | S60: 8151948 | T60: 966988 | U60: 12352 | V60: 76081 | W60: 2332 | X60: 27 | Y60: N/A | Z60: N/A | AA60: 288225 | AB60: 2019 | AC60: N/A | AD60: N/A | AE60: N/A | AF60: N/A | AG60: 28773 | AH60: 287
A61: =YEAR(E61) -> 2025 | B61: =MONTH(E61) -> 4 | D61: Kelvin Momo | E61: 2025-04-01 | F61: 2787969 | G61: 130669 | H61: 323033522 | I61: 20142610 | J61: 1607696 | K61: 7704 | L61: 107430 | M61: 0 | N61: 281360 | O61: 0 | P61: 326000 | Q61: 18000 | R61: 108018278 | S61: 9613667 | T61: 983795 | U61: 16807 | V61: 166813 | W61: 2365 | X61: 33 | Y61: N/A | Z61: N/A | AA61: 292138 | AB61: 3913 | AC61: N/A | AD61: N/A | AE61: N/A | AF61: N/A | AG61: 29200 | AH61: 427
A62: =YEAR(E62) -> 2025 | B62: =MONTH(E62) -> 5 | D62: Kelvin Momo | E62: 2025-05-01 | F62: 2914965 | G62: 126996 | H62: 339956456 | I62: 16826826 | J62: 1600004 | K62: -7692 | L62: 107430 | M62: 0 | N62: 281360 | O62: 0 | P62: 343000 | Q62: 17000 | R62: 116449730 | S62: 8431452 | T62: 994683 | U62: 10888 | V62: 112985 | W62: 2395 | X62: 30 | Y62: N/A | Z62: N/A | AA62: 294064 | AB62: 1926 | AC62: N/A | AD62: N/A | AE62: N/A | AF62: N/A | AG62: 29528 | AH62: 328
A63: =YEAR(E63) -> 2025 | B63: =MONTH(E63) -> 6 | D63: Kelvin Momo | E63: 2025-06-01 | F63: 3038201 | G63: 123236 | H63: 357271570 | I63: 17315114 | J63: 1606003 | K63: 5999 | L63: 107430 | M63: 0 | N63: 281360 | O63: 0 | P63: 367000 | Q63: 24000 | R63: 124062767 | S63: 7613037 | T63: 1008244 | U63: 13561 | V63: 196656 | W63: 3759 | X63: 1364 | Y63: N/A | Z63: N/A | AA63: 299942 | AB63: 5878 | AC63: N/A | AD63: N/A | AE63: N/A | AF63: N/A | AG63: 29886 | AH63: 358
... A72: =YEAR(E72) -> 2026 | B72: =MONTH(E72) -> 3 | D72: Kelvin Momo | E72: 2026-03-01 | F72: 4260375 | G72: 87892 | H72: 556438091 | I72: 16649281 | J72: 1862357 | K72: 2903 | L72: 140000 | M72: 0 | N72: 660500 | O72: 0 | P72: 510000 | Q72: 8000 | R72: 204619356 | S72: 6525377 | T72: 1146651 | U72: 6825 | V72: 174974 | W72: 15577 | X72: 642 | Y72: N/A | Z72: N/A | AA72: 318050 | AB72: 679 | AC72: N/A | AD72: N/A | AE72: N/A | AF72: N/A | AG72: 33449 | AH72: 281
A73: =YEAR(E73) -> 2026 | B73: =MONTH(E73) -> 4 | D73: Kelvin Momo | E73: 2026-04-01 | F73: 4363075 | G73: 102700 | H73: 574021864 | I73: 17559899 | J73: 1848805 | K73: -13552 | L73: 143588 | M73: 117 | N73: 665151 | O73: 394 | P73: 518000 | Q73: 8000 | R73: 211588064 | S73: 6968712 | T73: 1151025 | U73: 4374 | V73: 65485 | W73: 16208 | X73: 631 | Y73: 18493265 | Z73: 217378 | AA73: 319168 | AB73: 1118 | AC73: N/A | AD73: N/A | AE73: N/A | AF73: N/A | AG73: 33808 | AH73: 359
A74: =YEAR(E74) -> 2026 | B74: =MONTH(E74) -> 5 | D74: Kelvin Momo | E74: 2026-05-01 | F74: 4455569 | G74: 92494 | H74: 590156360 | I74: 16113660 | J74: 1746310 | K74: -102495 | L74: 144639 | M74: 1051 | N74: 666339 | O74: 1188 | P74: 526000 | Q74: 8000 | R74: 218128241 | S74: 6540180 | T74: 1153218 | U74: 2193 | V74: 91897 | W74: 16825 | X74: 617 | Y74: 18530975 | Z74: 37710 | AA74: 320145 | AB74: 977 | AC74: N/A | AD74: N/A | AE74: N/A | AF74: N/A | AG74: 34101 | AH74: 293
A75: =YEAR(E75) -> 2026 | B75: =MONTH(E75) -> 6 | D75: Kelvin Momo | E75: 2026-06-01 | F75: 4576550 | G75: 120981 | H75: 605741469 | I75: 15538802 | J75: 1671236 | K75: -75074 | L75: 145503 | M75: 864 | N75: 667622 | O75: 1283 | P75: 534000 | Q75: 8000 | R75: 224647821 | S75: 6519580 | T75: 1152583 | U75: -635 | V75: 9966 | W75: 17460 | X75: 635 | Y75: 19305728 | Z75: 774753 | AA75: 320662 | AB75: 517 | AC75: N/A | AD75: N/A | AE75: N/A | AF75: N/A | AG75: 34460 | AH75: 359
A76: =YEAR(E76) -> 2026 | B76: =MONTH(E76) -> 7 | D76: Kelvin Momo | E76: 2026-07-01 | F76: 4665879 | G76: 89329 | H76: 620313166 | I76: 14553162 | J76: 1671453 | K76: 217 | L76: 145599 | M76: 96 | N76: 668444 | O76: 822 | P76: 541000 | Q76: 7000 | R76: 230706099 | S76: 6058443 | T76: 1155323 | U76: 2740 | V76: 20344 | W76: 18069 | X76: 609 | Y76: 19625297 | Z76: 319569 | AA76: 320638 | AB76: -24 | AC76: N/A | AD76: N/A | AE76: N/A | AF76: N/A | AG76: 34752 | AH76: 292
A77: =YEAR(E77) -> 2024 | B77: =MONTH(E77) -> 7 | D77: Mr. JazziQ | E77: 2024-07-01 | F77: 1441046 | G77: 33175 | H77: 125403600 | I77: 3289473 | J77: 657143 | K77: 54670 | L77: 2140000 | M77: 30000 | N77: 40200000 | O77: 1200000 | P77: 359000 | Q77: 3000 | R77: 153075237 | S77: 2563087 | T77: 1995083 | U77: 12725 | V77: 189000 | W77: 2256 | X77: 88 | Y77: N/A | Z77: N/A | AA77: 2871300 | AB77: 987 | AC77: 3949 | AD77: 16 | AE77: N/A | AF77: N/A | AG77: 67112 | AH77: 0
A78: =YEAR(E78) -> 2024 | B78: =MONTH(E78) -> 8 | D78: Mr. JazziQ | E78: 2024-08-01 | F78: 1491071 | G78: 50025 | H78: 128483335 | I78: 3017934 | J78: 622454 | K78: -34689 | L78: 2200000 | M78: 60000 | N78: 42700000 | O78: 2500000 | P78: 361000 | Q78: 2000 | R78: 155416237 | S78: 2341000 | T78: 2003036 | U78: 7953 | V78: 329000 | W78: 2397 | X78: 141 | Y78: N/A | Z78: N/A | AA78: 2884126 | AB78: 12826 | AC78: 3961 | AD78: 12 | AE78: N/A | AF78: N/A | AG78: 67112 | AH78: 0
A79: =YEAR(E79) -> 2024 | B79: =MONTH(E79) -> 9 | D79: Mr. JazziQ | E79: 2024-09-01 | F79: 1520004 | G79: 28933 | H79: 133246549 | I79: 4572249 | J79: 843851 | K79: 221397 | L79: 2230000 | M79: 30000 | N79: 44100000 | O79: 1400000 | P79: 364000 | Q79: 3000 | R79: 158214587 | S79: 2798350 | T79: 2007682 | U79: 4646 | V79: 227000 | W79: 2529 | X79: 132 | Y79: N/A | Z79: N/A | AA79: 2896261 | AB79: 12135 | AC79: 3981 | AD79: 20 | AE79: N/A | AF79: N/A | AG79: 67112 | AH79: 0
A80: =YEAR(E80) -> 2024 | B80: =MONTH(E80) -> 10 | D80: Mr. JazziQ | E80: 2024-10-01 | F80: 1564405 | G80: 44401 | H80: 137455470 | I80: 4164111 | J80: 826388 | K80: -17463 | L80: 2250000 | M80: 20000 | N80: 44700000 | O80: 600000 | P80: 454000 | Q80: 90000 | R80: 166391772 | S80: 2849599 | T80: 2014982 | U80: 7300 | V80: 27160 | W80: 2678 | X80: 149 | Y80: N/A | Z80: N/A | AA80: 2899775 | AB80: 3514 | AC80: 3996 | AD80: 15 | AE80: N/A | AF80: N/A | AG80: 67112 | AH80: 0
A81: =YEAR(E81) -> 2024 | B81: =MONTH(E81) -> 11 | D81: Mr. JazziQ | E81: 2024-11-01 | F81: 1604204 | G81: 39799 | H81: 141599257 | I81: 4141909 | J81: 863868 | K81: 37480 | L81: 2330000 | M81: 80000 | N81: 44700000 | O81: 0 | P81: 457000 | Q81: 3000 | R81: 169401767 | S81: 3009995 | T81: 2028965 | U81: 13983 | V81: 538767 | W81: 2780 | X81: 102 | Y81: N/A | Z81: N/A | AA81: 2920204 | AB81: 20429 | AC81: 4008 | AD81: 12 | AE81: 26550 | AF81: 4 | AG81: 67112 | AH81: 0
A82: =YEAR(E82) -> 2024 | B82: =MONTH(E82) -> 12 | D82: Mr. JazziQ | E82: 2024-12-01 | F82: 1631473 | G82: 27269 | H82: 145266863 | I82: 3667606 | J82: 841268 | K82: -22600 | L82: 2300000 | M82: -30000 | N82: 50600000 | O82: 5900000 | P82: 461000 | Q82: 4000 | R82: 172734238 | S82: 3332471 | T82: 2039893 | U82: 10928 | V82: 257192 | W82: 2877 | X82: 97 | Y82: N/A | Z82: N/A | AA82: 2945855 | AB82: 25651 | AC82: 4013 | AD82: 5 | AE82: 26624 | AF82: 74 | AG82: 67112 | AH82: 0
A83: =YEAR(E83) -> 2025 | B83: =MONTH(E83) -> 1 | D83: Mr. JazziQ | E83: 2025-01-01 | F83: 1671987 | G83: 40514 | H83: 149370493 | I83: 4082145 | J83: 956668 | K83: 115400 | L83: 2400000 | M83: 100000 | N83: 52600000 | O83: 2000000 | P83: 466000 | Q83: 5000 | R83: 176302846 | S83: 3566739 | T83: 2057314 | U83: 17421 | V83: 329686 | W83: 2979 | X83: 102 | Y83: N/A | Z83: N/A | AA83: 2980467 | AB83: 34612 | AC83: 4022 | AD83: 9 | AE83: 26707 | AF83: 83 | AG83: 67112 | AH83: 0
A84: =YEAR(E84) -> 2025 | B84: =MONTH(E84) -> 2 | D84: Mr. JazziQ | E84: 2025-02-01 | F84: 1706813 | G84: 34826 | H84: 152852007 | I84: 3466138 | J84: 738683 | K84: -217985 | L84: 2490000 | M84: 90000 | N84: 55560000 | O84: 2960000 | P84: 469000 | Q84: 3000 | R84: 178480890 | S84: 2178044 | T84: 2071497 | U84: 14183 | V84: 178691 | W84: 3099 | X84: 120 | Y84: N/A | Z84: N/A | AA84: 3001810 | AB84: 21343 | AC84: 4027 | AD84: 5 | AE84: 26756 | AF84: 49 | AG84: 67112 | AH84: 0
A85: =YEAR(E85) -> 2025 | B85: =MONTH(E85) -> 3 | D85: Mr. JazziQ | E85: 2025-03-01 | F85: 1735718 | G85: 28905 | H85: 156171618 | I85: 3259747 | J85: 793440 | K85: 54757 | L85: 2490000 | M85: 0 | N85: 55560000 | O85: 0 | P85: 473000 | Q85: 4000 | R85: 180641725 | S85: 2160830 | T85: 2083804 | U85: 12307 | V85: 332157 | W85: 3192 | X85: 93 | Y85: N/A | Z85: N/A | AA85: 3013665 | AB85: 11855 | AC85: 4033 | AD85: 6 | AE85: 26809 | AF85: 53 | AG85: 67112 | AH85: 0
A86: =YEAR(E86) -> 2025 | B86: =MONTH(E86) -> 4 | D86: Mr. JazziQ | E86: 2025-04-01 | F86: 1772399 | G86: 36681 | H86: 160268984 | I86: 4036166 | J86: 817503 | K86: 24063 | L86: 2490000 | M86: 0 | N86: 55560000 | O86: 0 | P86: 477000 | Q86: 4000 | R86: 183271220 | S86: 2629495 | T86: 2095540 | U86: 11736 | V86: 124754 | W86: 3300 | X86: 108 | Y86: N/A | Z86: N/A | AA86: 3023433 | AB86: 9768 | AC86: 4037 | AD86: 4 | AE86: 26855 | AF86: 46 | AG86: 67112 | AH86: 0
A87: =YEAR(E87) -> 2025 | B87: =MONTH(E87) -> 5 | D87: Mr. JazziQ | E87: 2025-05-01 | F87: 1808010 | G87: 35611 | H87: 164434036 | I87: 4165290 | J87: 866093 | K87: 48590 | L87: 2490000 | M87: 0 | N87: 55560000 | O87: 0 | P87: 482000 | Q87: 5000 | R87: 185843050 | S87: 2512455 | T87: 2104392 | U87: 8852 | V87: 143573 | W87: 3407 | X87: 107 | Y87: N/A | Z87: N/A | AA87: 3027569 | AB87: 4136 | AC87: 4035 | AD87: -2 | AE87: 26908 | AF87: 53 | AG87: 67112 | AH87: 0
A88: =YEAR(E88) -> 2025 | B88: =MONTH(E88) -> 6 | D88: Mr. JazziQ | E88: 2025-06-01 | F88: 1851866 | G88: 43856 | H88: 168735682 | I88: 4300620 | J88: 832951 | K88: -33142 | L88: 2490000 | M88: 0 | N88: 55560000 | O88: 0 | P88: 488000 | Q88: 6000 | R88: 189285118 | S88: 3440907 | T88: 2115931 | U88: 11539 | V88: 300579 | W88: 3959 | X88: 552 | Y88: N/A | Z88: N/A | AA88: 3030366 | AB88: 2797 | AC88: 4039 | AD88: 4 | AE88: 26955 | AF88: 47 | AG88: 67112 | AH88: 0
A89: =YEAR(E89) -> 2025 | B89: =MONTH(E89) -> 7 | D89: Mr. JazziQ | E89: 2025-07-01 | F89: 1882889 | G89: 31023 | H89: 172745907 | I89: 3979543 | J89: 832706 | K89: -245 | L89: 2490000 | M89: 0 | N89: 55560000 | O89: 0 | P89: 493000 | Q89: 5000 | R89: 192608105 | S89: 3322987 | T89: 2127602 | U89: 11671 | V89: 135988 | W89: 4783 | X89: 824 | Y89: N/A | Z89: N/A | AA89: 3032085 | AB89: 1719 | AC89: 4039 | AD89: 0 | AE89: 26996 | AF89: 41 | AG89: 67112 | AH89: 0
A90: =YEAR(E90) -> 2025 | B90: =MONTH(E90) -> 8 | D90: Mr. JazziQ | E90: 2025-08-01 | F90: 1908673 | G90: 25784 | H90: 176391593 | I90: 3616471 | J90: 772991 | K90: -59715 | L90: 2700000 | M90: 210000 | N90: 68900000 | O90: 13340000 | P90: 498000 | Q90: 5000 | R90: 195779147 | S90: 3171042 | T90: 2139758 | U90: 12156 | V90: 307255 | W90: 5884 | X90: 1101 | Y90: N/A | Z90: N/A | AA90: 3040642 | AB90: 8557 | AC90: 4043 | AD90: 4 | AE90: 27029 | AF90: 33 | AG90: 67112 | AH90: 0
A91: =YEAR(E91) -> 2025 | B91: =MONTH(E91) -> 9 | D91: Mr. JazziQ | E91: 2025-09-01 | F91: 1948690 | G91: 40017 | H91: 180104844 | I91: 3684018 | J91: 759042 | K91: -13949 | L91: 2720000 | M91: 20000 | N91: 70900000 | O91: 2000000 | P91: 503000 | Q91: 5000 | R91: 198749399 | S91: 2970252 | T91: 2150257 | U91: 10499 | V91: 211948 | W91: 7269 | X91: 1385 | Y91: N/A | Z91: N/A | AA91: 3049953 | AB91: 9311 | AC91: 4045 | AD91: 2 | AE91: 27061 | AF91: 32 | AG91: 67112 | AH91: 0
A92: =YEAR(E92) -> 2025 | B92: =MONTH(E92) -> 10 | D92: Mr. JazziQ | E92: 2025-10-01 | F92: 1974989 | G92: 26299 | H92: 183647626 | I92: 3538186 | J92: 756153 | K92: -2889 | L92: 2770000 | M92: 50000 | N92: 72800000 | O92: 1900000 | P92: 507000 | Q92: 4000 | R92: 201564763 | S92: 2815364 | T92: 2163463 | U92: 13206 | V92: 224831 | W92: 8441 | X92: 1172 | Y92: N/A | Z92: N/A | AA92: 3053418 | AB92: 3465 | AC92: 4045 | AD92: 0 | AE92: 27083 | AF92: 22 | AG92: 67112 | AH92: 0
... A97: =YEAR(E97) -> 2026 | B97: =MONTH(E97) -> 3 | D97: Mr. JazziQ | E97: 2026-03-01 | F97: 2083019 | G97: 21766 | H97: 205149573 | I97: 3037670 | J97: 814445 | K97: 53708 | L97: 3000000 | M97: 80000 | N97: 77300000 | O97: 0 | P97: 525000 | Q97: 3000 | R97: 215249424 | S97: 2268750 | T97: 2233824 | U97: 17882 | V97: 243921 | W97: 13285 | X97: 901 | Y97: N/A | Z97: N/A | AA97: 3171923 | AB97: 12317 | AC97: 4056 | AD97: 12 | AE97: 27232 | AF97: 47 | AG97: 67112 | AH97: 0
A98: =YEAR(E98) -> 2026 | B98: =MONTH(E98) -> 4 | D98: Mr. JazziQ | E98: 2026-04-01 | F98: 2097447 | G98: 14428 | H98: 211208291 | I98: 5550396 | J98: 1057948 | K98: 243503 | L98: 3075378 | M98: 34853 | N98: 86558668 | O98: 829226 | P98: 530000 | Q98: 5000 | R98: 219025540 | S98: 3603726 | T98: 2252468 | U98: 18644 | V98: 241306 | W98: 14188 | X98: 903 | Y98: 18768462 | Z98: 123605 | AA98: 3177910 | AB98: 5987 | AC98: 4059 | AD98: 3 | AE98: 27272 | AF98: 40 | AG98: 67112 | AH98: 0
A99: =YEAR(E99) -> 2026 | B99: =MONTH(E99) -> 5 | D99: Mr. JazziQ | E99: 2026-05-01 | F99: 2111542 | G99: 14095 | H99: 215603125 | I99: 4372663 | J99: 920477 | K99: -137471 | L99: 3097476 | M99: 22098 | N99: 88493893 | O99: 1935225 | P99: 533000 | Q99: 3000 | R99: 222011874 | S99: 2986339 | T99: 2269351 | U99: 16883 | V99: 124155 | W99: 15178 | X99: 990 | Y99: 18776598 | Z99: 8136 | AA99: 3202179 | AB99: 24269 | AC99: 4061 | AD99: 2 | AE99: 27293 | AF99: 21 | AG99: 67112 | AH99: 0
A100: =YEAR(E100) -> 2026 | B100: =MONTH(E100) -> 6 | D100: Mr. JazziQ | E100: 2026-06-01 | F100: 2127666 | G100: 16124 | H100: 219837866 | I100: 4234741 | J100: 861540 | K100: -58937 | L100: 3094497 | M100: -2979 | N100: 90818808 | O100: 2324915 | P100: 537000 | Q100: 4000 | R100: 225088963 | S100: 3074814 | T100: 2262900 | U100: -6451 | V100: 97527 | W100: 16177 | X100: 999 | Y100: 19152845 | Z100: 376247 | AA100: 3235077 | AB100: 32898 | AC100: 4060 | AD100: -1 | AE100: 27315 | AF100: 22 | AG100: 67112 | AH100: 0
A101: =YEAR(E101) -> 2026 | B101: =MONTH(E101) -> 7 | D101: Mr. JazziQ | E101: 2026-07-01 | F101: 2145000 | G101: 17334 | H101: 223532613 | I101: 3694747 | J101: 806533 | K101: -55007 | L101: 3118115 | M101: 23618 | N101: 92192451 | O101: 1373643 | P101: 543000 | Q101: 6000 | R101: 228138321 | S101: 3028744 | T101: 2272362 | U101: 9462 | V101: 44300 | W101: 17016 | X101: 839 | Y101: 19100326 | Z101: 146535 | AA101: 3241005 | AB101: 5928 | AC101: 4061 | AD101: 1 | AE101: 27331 | AF101: 16 | AG101: 67112 | AH101: 0
A102: =YEAR(E102) -> 2024 | B102: =MONTH(E102) -> 7 | D102: Mellow & Sleazy | E102: 2024-07-01 | F102: 1186007 | G102: 46783 | H102: 205305662 | I102: 7874276 | J102: 1223611 | K102: -39099 | L102: 287100 | M102: 1910 | N102: 1900000 | O102: 0 | P102: 208000 | Q102: 5000 | R102: 96900737 | S102: 3191092 | T102: 683393 | U102: 2829 | V102: 35000 | W102: 2764 | X102: 99 | Y102: N/A | Z102: N/A | AA102: 84278 | AB102: 505 | AC102: N/A | AD102: N/A | AE102: N/A | AF102: N/A | AG102: 27422 | AH102: 224
A103: =YEAR(E103) -> 2024 | B103: =MONTH(E103) -> 8 | D103: Mellow & Sleazy | E103: 2024-08-01 | F103: 1231617 | G103: 45610 | H103: 214178727 | I103: 8582115 | J103: 1272558 | K103: 48947 | L103: 287800 | M103: 700 | N103: 1900000 | O103: 0 | P103: 212000 | Q103: 4000 | R103: 99482428 | S103: 2581691 | T103: 683393 | U103: 0 | V103: 0 | W103: 2894 | X103: 130 | Y103: N/A | Z103: N/A | AA103: 84966 | AB103: 688 | AC103: N/A | AD103: N/A | AE103: N/A | AF103: N/A | AG103: 27636 | AH103: 214
A104: =YEAR(E104) -> 2024 | B104: =MONTH(E104) -> 9 | D104: Mellow & Sleazy | E104: 2024-09-01 | F104: 1329660 | G104: 98043 | H104: 226355321 | I104: 11869013 | J104: 1489986 | K104: 217428 | L104: 292700 | M104: 4900 | N104: 1900000 | O104: 0 | P104: 216000 | Q104: 4000 | R104: 102019984 | S104: 2537556 | T104: 688101 | U104: 4708 | V104: 20000 | W104: 2994 | X104: 100 | Y104: N/A | Z104: N/A | AA104: 85583 | AB104: 617 | AC104: N/A | AD104: N/A | AE104: N/A | AF104: N/A | AG104: 27896 | AH104: 260
A105: =YEAR(E105) -> 2024 | B105: =MONTH(E105) -> 10 | D105: Mellow & Sleazy | E105: 2024-10-01 | F105: 1411184 | G105: 81524 | H105: 238567340 | I105: 11955715 | J105: 1495100 | K105: 5114 | L105: 293000 | M105: 300 | N105: 1900000 | O105: 0 | P105: 220000 | Q105: 4000 | R105: 104365474 | S105: 2345490 | T105: 700466 | U105: 12365 | V105: 0 | W105: 3136 | X105: 142 | Y105: N/A | Z105: N/A | AA105: 86289 | AB105: 706 | AC105: N/A | AD105: N/A | AE105: N/A | AF105: N/A | AG105: 28106 | AH105: 210
A106: =YEAR(E106) -> 2024 | B106: =MONTH(E106) -> 11 | D106: Mellow & Sleazy | E106: 2024-11-01 | F106: 1475565 | G106: 64381 | H106: 252569837 | I106: 13944290 | J106: 1678151 | K106: 183051 | L106: 293000 | M106: 0 | N106: 1900000 | O106: 0 | P106: 224000 | Q106: 4000 | R106: 106611361 | S106: 2245887 | T106: 705000 | U106: 4534 | V106: 7505 | W106: 3243 | X106: 107 | Y106: N/A | Z106: N/A | AA106: 86792 | AB106: 503 | AC106: N/A | AD106: N/A | AE106: N/A | AF106: N/A | AG106: 28321 | AH106: 215
A107: =YEAR(E107) -> 2024 | B107: =MONTH(E107) -> 12 | D107: Mellow & Sleazy | E107: 2024-12-01 | F107: 1535487 | G107: 59922 | H107: 267222981 | I107: 14482711 | J107: 1815525 | K107: 137374 | L107: 304500 | M107: 11500 | N107: 2000000 | O107: 100000 | P107: 228000 | Q107: 4000 | R107: 108496940 | S107: 1885579 | T107: 707737 | U107: 2737 | V107: 3884 | W107: 3342 | X107: 99 | Y107: N/A | Z107: N/A | AA107: 87513 | AB107: 721 | AC107: N/A | AD107: N/A | AE107: N/A | AF107: N/A | AG107: 28581 | AH107: 260
A108: =YEAR(E108) -> 2025 | B108: =MONTH(E108) -> 1 | D108: Mellow & Sleazy | E108: 2025-01-01 | F108: 1601431 | G108: 65944 | H108: 285520408 | I108: 18094869 | J108: 2242743 | K108: 427218 | L108: 305700 | M108: 1200 | N108: 2000000 | O108: 0 | P108: 234000 | Q108: 6000 | R108: 110410317 | S108: 1913377 | T108: 713648 | U108: 5911 | V108: 13717 | W108: 3439 | X108: 97 | Y108: N/A | Z108: N/A | AA108: 88175 | AB108: 662 | AC108: N/A | AD108: N/A | AE108: N/A | AF108: N/A | AG108: 28877 | AH108: 296
A109: =YEAR(E109) -> 2025 | B109: =MONTH(E109) -> 2 | D109: Mellow & Sleazy | E109: 2025-02-01 | F109: 1664663 | G109: 63232 | H109: 298245226 | I109: 12638670 | J109: 1705927 | K109: -536816 | L109: 307000 | M109: 1300 | N109: 2000000 | O109: 0 | P109: 239000 | Q109: 5000 | R109: 111984789 | S109: 1574472 | T109: 714151 | U109: 503 | V109: 18461 | W109: 3545 | X109: 106 | Y109: N/A | Z109: N/A | AA109: 88803 | AB109: 628 | AC109: N/A | AD109: N/A | AE109: N/A | AF109: N/A | AG109: 29158 | AH109: 281
A110: =YEAR(E110) -> 2025 | B110: =MONTH(E110) -> 3 | D110: Mellow & Sleazy | E110: 2025-03-01 | F110: 1701499 | G110: 36836 | H110: 308258042 | I110: 9847947 | J110: 1647879 | K110: -58048 | L110: 307000 | M110: 0 | N110: 2000000 | O110: 0 | P110: 241000 | Q110: 2000 | R110: 113243217 | S110: 1258428 | T110: 714151 | U110: 0 | V110: 0 | W110: 3680 | X110: 135 | Y110: N/A | Z110: N/A | AA110: 90043 | AB110: 1240 | AC110: N/A | AD110: N/A | AE110: N/A | AF110: N/A | AG110: 29332 | AH110: 174
A111: =YEAR(E111) -> 2025 | B111: =MONTH(E111) -> 4 | D111: Mellow & Sleazy | E111: 2025-04-01 | F111: 1747132 | G111: 45633 | H111: 319653323 | I111: 10879749 | J111: 1622500 | K111: -25379 | L111: 307000 | M111: 0 | N111: 2000000 | O111: 0 | P111: 245000 | Q111: 4000 | R111: 115078561 | S111: 1835344 | T111: 717074 | U111: 2923 | V111: 9795 | W111: 3838 | X111: 158 | Y111: N/A | Z111: N/A | AA111: 91025 | AB111: 982 | AC111: N/A | AD111: N/A | AE111: N/A | AF111: N/A | AG111: 29643 | AH111: 311
A112: =YEAR(E112) -> 2025 | B112: =MONTH(E112) -> 5 | D112: Mellow & Sleazy | E112: 2025-05-01 | F112: 1796280 | G112: 49148 | H112: 330290072 | I112: 10377262 | J112: 1616964 | K112: -5536 | L112: 307000 | M112: 0 | N112: 2000000 | O112: 0 | P112: 248000 | Q112: 3000 | R112: 116720756 | S112: 1642195 | T112: 722683 | U112: 5609 | V112: 24831 | W112: 3971 | X112: 133 | Y112: N/A | Z112: N/A | AA112: 91233 | AB112: 208 | AC112: N/A | AD112: N/A | AE112: N/A | AF112: N/A | AG112: 29849 | AH112: 206
A113: =YEAR(E113) -> 2025 | B113: =MONTH(E113) -> 6 | D113: Mellow & Sleazy | E113: 2025-06-01 | F113: 1839176 | G113: 42896 | H113: 341401019 | I113: 11036200 | J113: 1516500 | K113: -100464 | L113: 307000 | M113: 0 | N113: 2000000 | O113: 0 | P113: 251000 | Q113: 3000 | R113: 118293434 | S113: 1572678 | T113: 726109 | U113: 3426 | V113: 25436 | W113: 4365 | X113: 394 | Y113: N/A | Z113: N/A | AA113: 91512 | AB113: 279 | AC113: N/A | AD113: N/A | AE113: N/A | AF113: N/A | AG113: 30084 | AH113: 235
... A122: =YEAR(E122) -> 2026 | B122: =MONTH(E122) -> 3 | D122: Mellow & Sleazy | E122: 2026-03-01 | F122: 2046030 | G122: 10808 | H122: 429595882 | I122: 6694514 | J122: 1364072 | K122: -113013 | L122: 348800 | M122: 0 | N122: 2600000 | O122: 0 | P122: 275000 | Q122: 2000 | R122: 129736601 | S122: 1034709 | T122: 729393 | U122: 0 | V122: 0 | W122: 9209 | X122: 501 | Y122: N/A | Z122: N/A | AA122: 92089 | AB122: 229 | AC122: N/A | AD122: N/A | AE122: N/A | AF122: N/A | AG122: 31816 | AH122: 126
A123: =YEAR(E123) -> 2026 | B123: =MONTH(E123) -> 4 | D123: Mellow & Sleazy | E123: 2026-04-01 | F123: 2059753 | G123: 13723 | H123: 437766424 | I123: 7937998 | J123: 1161051 | K123: -203021 | L123: 349960 | M123: 36 | N123: 2682956 | O123: 3574 | P123: 277000 | Q123: 2000 | R123: 130861212 | S123: 1124611 | T123: 734573 | U123: 5180 | V123: 9962 | W123: 9585 | X123: 376 | Y123: 35152834 | Z123: 228614 | AA123: 92527 | AB123: 438 | AC123: N/A | AD123: N/A | AE123: N/A | AF123: N/A | AG123: 31986 | AH123: 170
A124: =YEAR(E124) -> 2026 | B124: =MONTH(E124) -> 5 | D124: Mellow & Sleazy | E124: 2026-05-01 | F124: 2071063 | G124: 11310 | H124: 447506443 | I124: 9652598 | J124: 1593361 | K124: 432310 | L124: 349833 | M124: -127 | N124: 2688586 | O124: 5630 | P124: 279000 | Q124: 2000 | R124: 132031713 | S124: 1170501 | T124: 733953 | U124: -620 | V124: 3624 | W124: 9995 | X124: 410 | Y124: 35168422 | Z124: 15588 | AA124: 92719 | AB124: 192 | AC124: N/A | AD124: N/A | AE124: N/A | AF124: N/A | AG124: 32154 | AH124: 168
A125: =YEAR(E125) -> 2026 | B125: =MONTH(E125) -> 6 | D125: Mellow & Sleazy | E125: 2026-06-01 | F125: 2086011 | G125: 14948 | H125: 456867299 | I125: 9227560 | J125: 1531331 | K125: -62030 | L125: 349444 | M125: -389 | N125: 2692997 | O125: 4411 | P125: 280000 | Q125: 1000 | R125: 133265441 | S125: 1233729 | T125: 729657 | U125: -4296 | V125: 14265 | W125: 10467 | X125: 472 | Y125: 35943107 | Z125: 774685 | AA125: 93290 | AB125: 571 | AC125: N/A | AD125: N/A | AE125: N/A | AF125: N/A | AG125: 32353 | AH125: 199
A126: =YEAR(E126) -> 2026 | B126: =MONTH(E126) -> 7 | D126: Mellow & Sleazy | E126: 2026-07-01 | F126: 2097476 | G126: 11465 | H126: 465681178 | I126: 8792759 | J126: 1470211 | K126: -61120 | L126: 348814 | M126: -630 | N126: 2697105 | O126: 4108 | P126: 281000 | Q126: 1000 | R126: 134485459 | S126: 1220019 | T126: 727954 | U126: -1703 | V126: 16831 | W126: 10868 | X126: 401 | Y126: 36030760 | Z126: 286707 | AA126: 93442 | AB126: 152 | AC126: N/A | AD126: N/A | AE126: N/A | AF126: N/A | AG126: 32537 | AH126: 184
A127: =YEAR(E127) -> 2024 | B127: =MONTH(E127) -> 7 | D127: Scotts Maphuma | E127: 2024-07-01 | F127: 7124 | G127: 1321 | J127: 11593 | K127: -8132 | L127: 1240 | M127: 100 | N127: 1020 | O127: 87 | P127: 98 | Q127: 3 | R127: 9165 | S127: 49 | T127: 20660 | U127: 6650 | V127: 5874 | W127: 12 | X127: 0 | Y127: N/A | Z127: N/A | AA127: 43728 | AB127: 325 | AC127: N/A | AD127: N/A | AE127: N/A | AF127: N/A | AG127: 20 | AH127: 1
A128: =YEAR(E128) -> 2024 | B128: =MONTH(E128) -> 8 | D128: Scotts Maphuma | E128: 2024-08-01 | F128: 10262 | G128: 3138 | J128: 96909 | K128: 85316 | L128: 1870 | M128: 630 | N128: 1460 | O128: 440 | P128: 101 | Q128: 3 | R128: 9246 | S128: 81 | T128: 64507 | U128: 43847 | V128: 29155 | W128: 14 | X128: 2 | Y128: N/A | Z128: N/A | AA128: 46208 | AB128: 2480 | AC128: N/A | AD128: N/A | AE128: N/A | AF128: N/A | AG128: 56 | AH128: 36
...

Sheet The Piano Index (Weekly)
C2: Select Week: | D2: 1
C3: Current | I3: Growth Analysis
C4: Artist | D4: Total Spotify Followers | E4: Total Streams | F4: Monthly Listeners | G4: Listener-Follower Ratio | I4: Week | J4: Total Spotify Followers | K4: Growth WoW
C5: Uncool MC | D5: =SUMIFS('Artist Profile Data (Weekly)'!$K:$K,'Artist Profile Data (Weekly)'!$E:$E,$C5,'Artist Profile Data (Weekly)'!$B:$B,$D$2) -> 79136 | E5: =SUMIFS('Artist Profile Data (Weekly)'!$L:$L,'Artist Profile Data (Weekly)'!$E:$E,$C5,'Artist Profile Data (Weekly)'!$B:$B,$D$2) -> 150403474 | F5: =SUMIFS('Artist Profile Data (Weekly)'!$M:$M,'Artist Profile Data (Weekly)'!$E:$E,$C5,'Artist Profile Data (Weekly)'!$B:$B,D$2) -> 1515723 | G5: =IFERROR(F5/D5,0) -> 19.153394 | I5: 1 | J5: =SUMIFS('Artist Profile Data (Weekly)'!$K:$K,'Artist Profile Data (Weekly)'!$A:$A,1,'Artist Profile Data (Weekly)'!$B:$B,$I5) -> 36070934
C6: TxC | D6: =SUMIFS('Artist Profile Data (Weekly)'!$K:$K,'Artist Profile Data (Weekly)'!$E:$E,$C6,'Artist Profile Data (Weekly)'!$B:$B,$D$2) -> 318313 | E6: =SUMIFS('Artist Profile Data (Weekly)'!$L:$L,'Artist Profile Data (Weekly)'!$E:$E,$C6,'Artist Profile Data (Weekly)'!$B:$B,$D$2) -> 98169042 | F6: =SUMIFS('Artist Profile Data (Weekly)'!$M:$M,'Artist Profile Data (Weekly)'!$E:$E,$C6,'Artist Profile Data (Weekly)'!$B:$B,D$2) -> 1995769 | G6: =IFERROR(F6/D6,0) -> 6.2698319 | I6: 2 | J6: =SUMIFS('Artist Profile Data (Weekly)'!$K:$K,'Artist Profile Data (Weekly)'!$A:$A,1,'Artist Profile Data (Weekly)'!$B:$B,$I6) -> 0 | K6: =IFERROR((J6-J5)/J5,0) -> -1
C7: Royal Musiq | D7: =SUMIFS('Artist Profile Data (Weekly)'!$K:$K,'Artist Profile Data (Weekly)'!$E:$E,$C7,'Artist Profile Data (Weekly)'!$B:$B,$D$2) -> 257831 | E7: =SUMIFS('Artist Profile Data (Weekly)'!$L:$L,'Artist Profile Data (Weekly)'!$E:$E,$C7,'Artist Profile Data (Weekly)'!$B:$B,$D$2) -> 127394961 | F7: =SUMIFS('Artist Profile Data (Weekly)'!$M:$M,'Artist Profile Data (Weekly)'!$E:$E,$C7,'Artist Profile Data (Weekly)'!$B:$B,D$2) -> 1603306 | G7: =IFERROR(F7/D7,0) -> 6.2184377 | I7: 3 | J7: =SUMIFS('Artist Profile Data (Weekly)'!$K:$K,'Artist Profile Data (Weekly)'!$A:$A,1,'Artist Profile Data (Weekly)'!$B:$B,$I7) -> 0 | K7: =IFERROR((J7-J6)/J6,0) -> 0
C8: Thatohatsi | D8: =SUMIFS('Artist Profile Data (Weekly)'!$K:$K,'Artist Profile Data (Weekly)'!$E:$E,$C8,'Artist Profile Data (Weekly)'!$B:$B,$D$2) -> 398249 | E8: =SUMIFS('Artist Profile Data (Weekly)'!$L:$L,'Artist Profile Data (Weekly)'!$E:$E,$C8,'Artist Profile Data (Weekly)'!$B:$B,$D$2) -> 233409823 | F8: =SUMIFS('Artist Profile Data (Weekly)'!$M:$M,'Artist Profile Data (Weekly)'!$E:$E,$C8,'Artist Profile Data (Weekly)'!$B:$B,D$2) -> 2061888 | G8: =IFERROR(F8/D8,0) -> 5.177384 | I8: 4 | J8: =SUMIFS('Artist Profile Data (Weekly)'!$K:$K,'Artist Profile Data (Weekly)'!$A:$A,1,'Artist Profile Data (Weekly)'!$B:$B,$I8) -> 0 | K8: =IFERROR((J8-J7)/J7,0) -> 0
C9: XDuppy | D9: =SUMIFS('Artist Profile Data (Weekly)'!$K:$K,'Artist Profile Data (Weekly)'!$E:$E,$C9,'Artist Profile Data (Weekly)'!$B:$B,$D$2) -> 492332 | E9: =SUMIFS('Artist Profile Data (Weekly)'!$L:$L,'Artist Profile Data (Weekly)'!$E:$E,$C9,'Artist Profile Data (Weekly)'!$B:$B,$D$2) -> 286861518 | F9: =SUMIFS('Artist Profile Data (Weekly)'!$M:$M,'Artist Profile Data (Weekly)'!$E:$E,$C9,'Artist Profile Data (Weekly)'!$B:$B,D$2) -> 2277376 | G9: =IFERROR(F9/D9,0) -> 4.6256916 | I9: 5 | J9: =SUMIFS('Artist Profile Data (Weekly)'!$K:$K,'Artist Profile Data (Weekly)'!$A:$A,1,'Artist Profile Data (Weekly)'!$B:$B,$I9) -> 0 | K9: =IFERROR((J9-J8)/J8,0) -> 0
C10: Justin99 | D10: =SUMIFS('Artist Profile Data (Weekly)'!$K:$K,'Artist Profile Data (Weekly)'!$E:$E,$C10,'Artist Profile Data (Weekly)'!$B:$B,$D$2) -> 439698 | E10: =SUMIFS('Artist Profile Data (Weekly)'!$L:$L,'Artist Profile Data (Weekly)'!$E:$E,$C10,'Artist Profile Data (Weekly)'!$B:$B,$D$2) -> 91714661 | F10: =SUMIFS('Artist Profile Data (Weekly)'!$M:$M,'Artist Profile Data (Weekly)'!$E:$E,$C10,'Artist Profile Data (Weekly)'!$B:$B,D$2) -> 800754 | G10: =IFERROR(F10/D10,0) -> 1.8211454 | I10: 6 | J10: =SUMIFS('Artist Profile Data (Weekly)'!$K:$K,'Artist Profile Data (Weekly)'!$A:$A,1,'Artist Profile Data (Weekly)'!$B:$B,$I10) -> 0 | K10: =IFERROR((J10-J9)/J9,0) -> 0
C11: Focalistic | D11: =SUMIFS('Artist Profile Data (Weekly)'!$K:$K,'Artist Profile Data (Weekly)'!$E:$E,$C11,'Artist Profile Data (Weekly)'!$B:$B,$D$2) -> 1570892 | E11: =SUMIFS('Artist Profile Data (Weekly)'!$L:$L,'Artist Profile Data (Weekly)'!$E:$E,$C11,'Artist Profile Data (Weekly)'!$B:$B,$D$2) -> 386533451 | F11: =SUMIFS('Artist Profile Data (Weekly)'!$M:$M,'Artist Profile Data (Weekly)'!$E:$E,$C11,'Artist Profile Data (Weekly)'!$B:$B,D$2) -> 2458020 | G11: =IFERROR(F11/D11,0) -> 1.5647288 | I11: 7 | J11: =SUMIFS('Artist Profile Data (Weekly)'!$K:$K,'Artist Profile Data (Weekly)'!$A:$A,1,'Artist Profile Data (Weekly)'!$B:$B,$I11) -> 0 | K11: =IFERROR((J11-J10)/J10,0) -> 0
C12: Scotts Maphuma | D12: =SUMIFS('Artist Profile Data (Weekly)'!$K:$K,'Artist Profile Data (Weekly)'!$E:$E,$C12,'Artist Profile Data (Weekly)'!$B:$B,$D$2) -> 1838533 | E12: =SUMIFS('Artist Profile Data (Weekly)'!$L:$L,'Artist Profile Data (Weekly)'!$E:$E,$C12,'Artist Profile Data (Weekly)'!$B:$B,$D$2) -> 461935885 | F12: =SUMIFS('Artist Profile Data (Weekly)'!$M:$M,'Artist Profile Data (Weekly)'!$E:$E,$C12,'Artist Profile Data (Weekly)'!$B:$B,D$2) -> 2823644 | G12: =IFERROR(F12/D12,0) -> 1.5358136 | I12: 8 | J12: =SUMIFS('Artist Profile Data (Weekly)'!$K:$K,'Artist Profile Data (Weekly)'!$A:$A,1,'Artist Profile Data (Weekly)'!$B:$B,$I12) -> 0 | K12: =IFERROR((J12-J11)/J11,0) -> 0
C13: Tyler ICU | D13: =SUMIFS('Artist Profile Data (Weekly)'!$K:$K,'Artist Profile Data (Weekly)'!$E:$E,$C13,'Artist Profile Data (Weekly)'!$B:$B,$D$2) -> 1551136 | E13: =SUMIFS('Artist Profile Data (Weekly)'!$L:$L,'Artist Profile Data (Weekly)'!$E:$E,$C13,'Artist Profile Data (Weekly)'!$B:$B,$D$2) -> 420009551 | F13: =SUMIFS('Artist Profile Data (Weekly)'!$M:$M,'Artist Profile Data (Weekly)'!$E:$E,$C13,'Artist Profile Data (Weekly)'!$B:$B,D$2) -> 2278538 | G13: =IFERROR(F13/D13,0) -> 1.4689479 | I13: 9 | J13: =SUMIFS('Artist Profile Data (Weekly)'!$K:$K,'Artist Profile Data (Weekly)'!$A:$A,1,'Artist Profile Data (Weekly)'!$B:$B,$I13) -> 0 | K13: =IFERROR((J13-J12)/J12,0) -> 0
C14: Sam Deep | D14: =SUMIFS('Artist Profile Data (Weekly)'!$K:$K,'Artist Profile Data (Weekly)'!$E:$E,$C14,'Artist Profile Data (Weekly)'!$B:$B,$D$2) -> 1275926 | E14: =SUMIFS('Artist Profile Data (Weekly)'!$L:$L,'Artist Profile Data (Weekly)'!$E:$E,$C14,'Artist Profile Data (Weekly)'!$B:$B,$D$2) -> 186616030 | F14: =SUMIFS('Artist Profile Data (Weekly)'!$M:$M,'Artist Profile Data (Weekly)'!$E:$E,$C14,'Artist Profile Data (Weekly)'!$B:$B,D$2) -> 1685783 | G14: =IFERROR(F14/D14,0) -> 1.3212232 | I14: 10 | J14: =SUMIFS('Artist Profile Data (Weekly)'!$K:$K,'Artist Profile Data (Weekly)'!$A:$A,1,'Artist Profile Data (Weekly)'!$B:$B,$I14) -> 0 | K14: =IFERROR((J14-J13)/J13,0) -> 0
C15: Pcee | D15: =SUMIFS('Artist Profile Data (Weekly)'!$K:$K,'Artist Profile Data (Weekly)'!$E:$E,$C15,'Artist Profile Data (Weekly)'!$B:$B,$D$2) -> 802995 | E15: =SUMIFS('Artist Profile Data (Weekly)'!$L:$L,'Artist Profile Data (Weekly)'!$E:$E,$C15,'Artist Profile Data (Weekly)'!$B:$B,$D$2) -> 198722502 | F15: =SUMIFS('Artist Profile Data (Weekly)'!$M:$M,'Artist Profile Data (Weekly)'!$E:$E,$C15,'Artist Profile Data (Weekly)'!$B:$B,D$2) -> 993429 | G15: =IFERROR(F15/D15,0) -> 1.2371547 | I15: 11 | J15: =SUMIFS('Artist Profile Data (Weekly)'!$K:$K,'Artist Profile Data (Weekly)'!$A:$A,1,'Artist Profile Data (Weekly)'!$B:$B,$I15) -> 0 | K15: =IFERROR((J15-J14)/J14,0) -> 0
C16: Zee Nxumalo | D16: =SUMIFS('Artist Profile Data (Weekly)'!$K:$K,'Artist Profile Data (Weekly)'!$E:$E,$C16,'Artist Profile Data (Weekly)'!$B:$B,$D$2) -> 1693660 | E16: =SUMIFS('Artist Profile Data (Weekly)'!$L:$L,'Artist Profile Data (Weekly)'!$E:$E,$C16,'Artist Profile Data (Weekly)'!$B:$B,$D$2) -> 271735115 | F16: =SUMIFS('Artist Profile Data (Weekly)'!$M:$M,'Artist Profile Data (Weekly)'!$E:$E,$C16,'Artist Profile Data (Weekly)'!$B:$B,D$2) -> 2017591 | G16: =IFERROR(F16/D16,0) -> 1.1912609 | I16: 12 | J16: =SUMIFS('Artist Profile Data (Weekly)'!$K:$K,'Artist Profile Data (Weekly)'!$A:$A,1,'Artist Profile Data (Weekly)'!$B:$B,$I16) -> 0 | K16: =IFERROR((J16-J15)/J15,0) -> 0
C17: DJ Maphorisa | D17: =SUMIFS('Artist Profile Data (Weekly)'!$K:$K,'Artist Profile Data (Weekly)'!$E:$E,$C17,'Artist Profile Data (Weekly)'!$B:$B,$D$2) -> 4458982 | E17: =SUMIFS('Artist Profile Data (Weekly)'!$L:$L,'Artist Profile Data (Weekly)'!$E:$E,$C17,'Artist Profile Data (Weekly)'!$B:$B,$D$2) -> 1463831442 | F17: =SUMIFS('Artist Profile Data (Weekly)'!$M:$M,'Artist Profile Data (Weekly)'!$E:$E,$C17,'Artist Profile Data (Weekly)'!$B:$B,D$2) -> 4691122 | G17: =IFERROR(F17/D17,0) -> 1.0520612 | I17: 13 | J17: =SUMIFS('Artist Profile Data (Weekly)'!$K:$K,'Artist Profile Data (Weekly)'!$A:$A,1,'Artist Profile Data (Weekly)'!$B:$B,$I17) -> 0 | K17: =IFERROR((J17-J16)/J16,0) -> 0
... C24: Kelvin Momo | D24: =SUMIFS('Artist Profile Data (Weekly)'!$K:$K,'Artist Profile Data (Weekly)'!$E:$E,$C24,'Artist Profile Data (Weekly)'!$B:$B,$D$2) -> 4669030 | E24: =SUMIFS('Artist Profile Data (Weekly)'!$L:$L,'Artist Profile Data (Weekly)'!$E:$E,$C24,'Artist Profile Data (Weekly)'!$B:$B,$D$2) -> 620779039 | F24: =SUMIFS('Artist Profile Data (Weekly)'!$M:$M,'Artist Profile Data (Weekly)'!$E:$E,$C24,'Artist Profile Data (Weekly)'!$B:$B,D$2) -> 1667314 | G24: =IFERROR(F24/D24,0) -> 0.35710073 | I24: 20 | J24: =SUMIFS('Artist Profile Data (Weekly)'!$K:$K,'Artist Profile Data (Weekly)'!$A:$A,1,'Artist Profile Data (Weekly)'!$B:$B,$I24) -> 0 | K24: =IFERROR((J24-J23)/J23,0) -> 0
C26: Total | D26: =SUBTOTAL(9,D5:D24) -> 36070934 | E26: =SUBTOTAL(9,E5:E24) -> 7393959069 | F26: =SUBTOTAL(9,F5:F24) -> 37848698

Sheet The Piano Index (3-Month)
A1: 2026
D2: 5 | E2: 6 | F2: 7
C3: Total Followers | H3: Growth Analysis
C4: Artist | D4: May | E4: June | F4: July | H4: May-June | I4: June-July | J4: May-July
C5: Thatohatsi | D5: =SUMIFS('Streaming Data (2024-2026)'!$F:$F,'Streaming Data (2024-2026)'!$D:$D,$C5,'Streaming Data (2024-2026)'!$B:$B,D$2,'Streaming Data (2024-2026)'!$A:$A,$A$1) -> 326254 | E5: =SUMIFS('Streaming Data (2024-2026)'!$F:$F,'Streaming Data (2024-2026)'!$D:$D,$C5,'Streaming Data (2024-2026)'!$B:$B,E$2,'Streaming Data (2024-2026)'!$A:$A,$A$1) -> 361146 | F5: =SUMIFS('Streaming Data (2024-2026)'!$F:$F,'Streaming Data (2024-2026)'!$D:$D,$C5,'Streaming Data (2024-2026)'!$B:$B,F$2,'Streaming Data (2024-2026)'!$A:$A,$A$1) -> 397115 | H5: =IFERROR((E5-D5)/D5,0) -> 0.10694735 | I5: =IFERROR((F5-E5)/E5,0) -> 0.099596839 | J5: =IFERROR((F5-D5)/D5,0) -> 0.2171958
C6: Sam Deep | D6: =SUMIFS('Streaming Data (2024-2026)'!$F:$F,'Streaming Data (2024-2026)'!$D:$D,$C6,'Streaming Data (2024-2026)'!$B:$B,D$2,'Streaming Data (2024-2026)'!$A:$A,$A$1) -> 1128567 | E6: =SUMIFS('Streaming Data (2024-2026)'!$F:$F,'Streaming Data (2024-2026)'!$D:$D,$C6,'Streaming Data (2024-2026)'!$B:$B,E$2,'Streaming Data (2024-2026)'!$A:$A,$A$1) -> 1191790 | F6: =SUMIFS('Streaming Data (2024-2026)'!$F:$F,'Streaming Data (2024-2026)'!$D:$D,$C6,'Streaming Data (2024-2026)'!$B:$B,F$2,'Streaming Data (2024-2026)'!$A:$A,$A$1) -> 1273152 | H6: =IFERROR((E6-D6)/D6,0) -> 0.0560206 | I6: =IFERROR((F6-E6)/E6,0) -> 0.068268739 | J6: =IFERROR((F6-D6)/D6,0) -> 0.12811379
C7: Uncool MC | D7: =SUMIFS('Streaming Data (2024-2026)'!$F:$F,'Streaming Data (2024-2026)'!$D:$D,$C7,'Streaming Data (2024-2026)'!$B:$B,D$2,'Streaming Data (2024-2026)'!$A:$A,$A$1) -> 71071 | E7: =SUMIFS('Streaming Data (2024-2026)'!$F:$F,'Streaming Data (2024-2026)'!$D:$D,$C7,'Streaming Data (2024-2026)'!$B:$B,E$2,'Streaming Data (2024-2026)'!$A:$A,$A$1) -> 75331 | F7: =SUMIFS('Streaming Data (2024-2026)'!$F:$F,'Streaming Data (2024-2026)'!$D:$D,$C7,'Streaming Data (2024-2026)'!$B:$B,F$2,'Streaming Data (2024-2026)'!$A:$A,$A$1) -> 79045 | H7: =IFERROR((E7-D7)/D7,0) -> 0.05994006 | I7: =IFERROR((F7-E7)/E7,0) -> 0.049302412 | J7: =IFERROR((F7-D7)/D7,0) -> 0.11219766
C8: XDuppy | D8: =SUMIFS('Streaming Data (2024-2026)'!$F:$F,'Streaming Data (2024-2026)'!$D:$D,$C8,'Streaming Data (2024-2026)'!$B:$B,D$2,'Streaming Data (2024-2026)'!$A:$A,$A$1) -> 442078 | E8: =SUMIFS('Streaming Data (2024-2026)'!$F:$F,'Streaming Data (2024-2026)'!$D:$D,$C8,'Streaming Data (2024-2026)'!$B:$B,E$2,'Streaming Data (2024-2026)'!$A:$A,$A$1) -> 470273 | F8: =SUMIFS('Streaming Data (2024-2026)'!$F:$F,'Streaming Data (2024-2026)'!$D:$D,$C8,'Streaming Data (2024-2026)'!$B:$B,F$2,'Streaming Data (2024-2026)'!$A:$A,$A$1) -> 491635 | H8: =IFERROR((E8-D8)/D8,0) -> 0.063778338 | I8: =IFERROR((F8-E8)/E8,0) -> 0.045424679 | J8: =IFERROR((F8-D8)/D8,0) -> 0.11210013
C9: TxC | D9: =SUMIFS('Streaming Data (2024-2026)'!$F:$F,'Streaming Data (2024-2026)'!$D:$D,$C9,'Streaming Data (2024-2026)'!$B:$B,D$2,'Streaming Data (2024-2026)'!$A:$A,$A$1) -> 293673 | E9: =SUMIFS('Streaming Data (2024-2026)'!$F:$F,'Streaming Data (2024-2026)'!$D:$D,$C9,'Streaming Data (2024-2026)'!$B:$B,E$2,'Streaming Data (2024-2026)'!$A:$A,$A$1) -> 309630 | F9: =SUMIFS('Streaming Data (2024-2026)'!$F:$F,'Streaming Data (2024-2026)'!$D:$D,$C9,'Streaming Data (2024-2026)'!$B:$B,F$2,'Streaming Data (2024-2026)'!$A:$A,$A$1) -> 318057 | H9: =IFERROR((E9-D9)/D9,0) -> 0.054335945 | I9: =IFERROR((F9-E9)/E9,0) -> 0.027216355 | J9: =IFERROR((F9-D9)/D9,0) -> 0.083031126
C10: Zee Nxumalo | D10: =SUMIFS('Streaming Data (2024-2026)'!$F:$F,'Streaming Data (2024-2026)'!$D:$D,$C10,'Streaming Data (2024-2026)'!$B:$B,D$2,'Streaming Data (2024-2026)'!$A:$A,$A$1) -> 1564098 | E10: =SUMIFS('Streaming Data (2024-2026)'!$F:$F,'Streaming Data (2024-2026)'!$D:$D,$C10,'Streaming Data (2024-2026)'!$B:$B,E$2,'Streaming Data (2024-2026)'!$A:$A,$A$1) -> 1634196 | F10: =SUMIFS('Streaming Data (2024-2026)'!$F:$F,'Streaming Data (2024-2026)'!$D:$D,$C10,'Streaming Data (2024-2026)'!$B:$B,F$2,'Streaming Data (2024-2026)'!$A:$A,$A$1) -> 1691439 | H10: =IFERROR((E10-D10)/D10,0) -> 0.044816885 | I10: =IFERROR((F10-E10)/E10,0) -> 0.035028234 | J10: =IFERROR((F10-D10)/D10,0) -> 0.081414975
C11: Scotts Maphuma | D11: =SUMIFS('Streaming Data (2024-2026)'!$F:$F,'Streaming Data (2024-2026)'!$D:$D,$C11,'Streaming Data (2024-2026)'!$B:$B,D$2,'Streaming Data (2024-2026)'!$A:$A,$A$1) -> 1706291 | E11: =SUMIFS('Streaming Data (2024-2026)'!$F:$F,'Streaming Data (2024-2026)'!$D:$D,$C11,'Streaming Data (2024-2026)'!$B:$B,E$2,'Streaming Data (2024-2026)'!$A:$A,$A$1) -> 1775021 | F11: =SUMIFS('Streaming Data (2024-2026)'!$F:$F,'Streaming Data (2024-2026)'!$D:$D,$C11,'Streaming Data (2024-2026)'!$B:$B,F$2,'Streaming Data (2024-2026)'!$A:$A,$A$1) -> 1836645 | H11: =IFERROR((E11-D11)/D11,0) -> 0.040280351 | I11: =IFERROR((F11-E11)/E11,0) -> 0.034717336 | J11: =IFERROR((F11-D11)/D11,0) -> 0.076396113
C12: Pcee | D12: =SUMIFS('Streaming Data (2024-2026)'!$F:$F,'Streaming Data (2024-2026)'!$D:$D,$C12,'Streaming Data (2024-2026)'!$B:$B,D$2,'Streaming Data (2024-2026)'!$A:$A,$A$1) -> 755355 | E12: =SUMIFS('Streaming Data (2024-2026)'!$F:$F,'Streaming Data (2024-2026)'!$D:$D,$C12,'Streaming Data (2024-2026)'!$B:$B,E$2,'Streaming Data (2024-2026)'!$A:$A,$A$1) -> 780255 | F12: =SUMIFS('Streaming Data (2024-2026)'!$F:$F,'Streaming Data (2024-2026)'!$D:$D,$C12,'Streaming Data (2024-2026)'!$B:$B,F$2,'Streaming Data (2024-2026)'!$A:$A,$A$1) -> 802257 | H12: =IFERROR((E12-D12)/D12,0) -> 0.032964633 | I12: =IFERROR((F12-E12)/E12,0) -> 0.028198474 | J12: =IFERROR((F12-D12)/D12,0) -> 0.062092658
C13: Royal Musiq | D13: =SUMIFS('Streaming Data (2024-2026)'!$F:$F,'Streaming Data (2024-2026)'!$D:$D,$C13,'Streaming Data (2024-2026)'!$B:$B,D$2,'Streaming Data (2024-2026)'!$A:$A,$A$1) -> 245041 | E13: =SUMIFS('Streaming Data (2024-2026)'!$F:$F,'Streaming Data (2024-2026)'!$D:$D,$C13,'Streaming Data (2024-2026)'!$B:$B,E$2,'Streaming Data (2024-2026)'!$A:$A,$A$1) -> 251255 | F13: =SUMIFS('Streaming Data (2024-2026)'!$F:$F,'Streaming Data (2024-2026)'!$D:$D,$C13,'Streaming Data (2024-2026)'!$B:$B,F$2,'Streaming Data (2024-2026)'!$A:$A,$A$1) -> 257555 | H13: =IFERROR((E13-D13)/D13,0) -> 0.025359022 | I13: =IFERROR((F13-E13)/E13,0) -> 0.025074128 | J13: =IFERROR((F13-D13)/D13,0) -> 0.051069005
C14: Kelvin Momo | D14: =SUMIFS('Streaming Data (2024-2026)'!$F:$F,'Streaming Data (2024-2026)'!$D:$D,$C14,'Streaming Data (2024-2026)'!$B:$B,D$2,'Streaming Data (2024-2026)'!$A:$A,$A$1) -> 4455569 | E14: =SUMIFS('Streaming Data (2024-2026)'!$F:$F,'Streaming Data (2024-2026)'!$D:$D,$C14,'Streaming Data (2024-2026)'!$B:$B,E$2,'Streaming Data (2024-2026)'!$A:$A,$A$1) -> 4576550 | F14: =SUMIFS('Streaming Data (2024-2026)'!$F:$F,'Streaming Data (2024-2026)'!$D:$D,$C14,'Streaming Data (2024-2026)'!$B:$B,F$2,'Streaming Data (2024-2026)'!$A:$A,$A$1) -> 4665879 | H14: =IFERROR((E14-D14)/D14,0) -> 0.027152761 | I14: =IFERROR((F14-E14)/E14,0) -> 0.019518852 | J14: =IFERROR((F14-D14)/D14,0) -> 0.047201603
C15: Justin99 | D15: =SUMIFS('Streaming Data (2024-2026)'!$F:$F,'Streaming Data (2024-2026)'!$D:$D,$C15,'Streaming Data (2024-2026)'!$B:$B,D$2,'Streaming Data (2024-2026)'!$A:$A,$A$1) -> 420847 | E15: =SUMIFS('Streaming Data (2024-2026)'!$F:$F,'Streaming Data (2024-2026)'!$D:$D,$C15,'Streaming Data (2024-2026)'!$B:$B,E$2,'Streaming Data (2024-2026)'!$A:$A,$A$1) -> 427745 | F15: =SUMIFS('Streaming Data (2024-2026)'!$F:$F,'Streaming Data (2024-2026)'!$D:$D,$C15,'Streaming Data (2024-2026)'!$B:$B,F$2,'Streaming Data (2024-2026)'!$A:$A,$A$1) -> 439293 | H15: =IFERROR((E15-D15)/D15,0) -> 0.016390755 | I15: =IFERROR((F15-E15)/E15,0) -> 0.026997393 | J15: =IFERROR((F15-D15)/D15,0) -> 0.043830656
C16: DJ Maphorisa | D16: =SUMIFS('Streaming Data (2024-2026)'!$F:$F,'Streaming Data (2024-2026)'!$D:$D,$C16,'Streaming Data (2024-2026)'!$B:$B,D$2,'Streaming Data (2024-2026)'!$A:$A,$A$1) -> 4286302 | E16: =SUMIFS('Streaming Data (2024-2026)'!$F:$F,'Streaming Data (2024-2026)'!$D:$D,$C16,'Streaming Data (2024-2026)'!$B:$B,E$2,'Streaming Data (2024-2026)'!$A:$A,$A$1) -> 4381160 | F16: =SUMIFS('Streaming Data (2024-2026)'!$F:$F,'Streaming Data (2024-2026)'!$D:$D,$C16,'Streaming Data (2024-2026)'!$B:$B,F$2,'Streaming Data (2024-2026)'!$A:$A,$A$1) -> 4456656 | H16: =IFERROR((E16-D16)/D16,0) -> 0.022130499 | I16: =IFERROR((F16-E16)/E16,0) -> 0.017231966 | J16: =IFERROR((F16-D16)/D16,0) -> 0.039743816
... C24: Tyler ICU | D24: =SUMIFS('Streaming Data (2024-2026)'!$F:$F,'Streaming Data (2024-2026)'!$D:$D,$C24,'Streaming Data (2024-2026)'!$B:$B,D$2,'Streaming Data (2024-2026)'!$A:$A,$A$1) -> 1540959 | E24: =SUMIFS('Streaming Data (2024-2026)'!$F:$F,'Streaming Data (2024-2026)'!$D:$D,$C24,'Streaming Data (2024-2026)'!$B:$B,E$2,'Streaming Data (2024-2026)'!$A:$A,$A$1) -> 1545812 | F24: =SUMIFS('Streaming Data (2024-2026)'!$F:$F,'Streaming Data (2024-2026)'!$D:$D,$C24,'Streaming Data (2024-2026)'!$B:$B,F$2,'Streaming Data (2024-2026)'!$A:$A,$A$1) -> 1550966 | H24: =IFERROR((E24-D24)/D24,0) -> 0.0031493375 | I24: =IFERROR((F24-E24)/E24,0) -> 0.00333417 | J24: =IFERROR((F24-D24)/D24,0) -> 0.006494008
C27: Total Streams | H27: Growth Analysis
C28: Artist | D28: May | E28: June | F28: July | H28: May-June | I28: June-July | J28: May-July
C29: Thatohatsi | D29: =SUMIFS('Streaming Data (2024-2026)'!$H:$H,'Streaming Data (2024-2026)'!$D:$D,$C29,'Streaming Data (2024-2026)'!$B:$B,D$2,'Streaming Data (2024-2026)'!$A:$A,$A$1) -> 199470478 | E29: =SUMIFS('Streaming Data (2024-2026)'!$H:$H,'Streaming Data (2024-2026)'!$D:$D,$C29,'Streaming Data (2024-2026)'!$B:$B,E$2,'Streaming Data (2024-2026)'!$A:$A,$A$1) -> 216330865 | F29: =SUMIFS('Streaming Data (2024-2026)'!$H:$H,'Streaming Data (2024-2026)'!$D:$D,$C29,'Streaming Data (2024-2026)'!$B:$B,F$2,'Streaming Data (2024-2026)'!$A:$A,$A$1) -> 232932135 | H29: =IFERROR((E29-D29)/D29,0) -> 0.084525726 | I29: =IFERROR((F29-E29)/E29,0) -> 0.076740182 | J29: =IFERROR((F29-D29)/D29,0) -> 0.16775243
C30: TxC | D30: =SUMIFS('Streaming Data (2024-2026)'!$H:$H,'Streaming Data (2024-2026)'!$D:$D,$C30,'Streaming Data (2024-2026)'!$B:$B,D$2,'Streaming Data (2024-2026)'!$A:$A,$A$1) -> 84564458 | E30: =SUMIFS('Streaming Data (2024-2026)'!$H:$H,'Streaming Data (2024-2026)'!$D:$D,$C30,'Streaming Data (2024-2026)'!$B:$B,E$2,'Streaming Data (2024-2026)'!$A:$A,$A$1) -> 91366745 | F30: =SUMIFS('Streaming Data (2024-2026)'!$H:$H,'Streaming Data (2024-2026)'!$D:$D,$C30,'Streaming Data (2024-2026)'!$B:$B,F$2,'Streaming Data (2024-2026)'!$A:$A,$A$1) -> 97973981 | H30: =IFERROR((E30-D30)/D30,0) -> 0.080439078 | I30: =IFERROR((F30-E30)/E30,0) -> 0.072315545 | J30: =IFERROR((F30-D30)/D30,0) -> 0.15857162
C31: Uncool MC | D31: =SUMIFS('Streaming Data (2024-2026)'!$H:$H,'Streaming Data (2024-2026)'!$D:$D,$C31,'Streaming Data (2024-2026)'!$B:$B,D$2,'Streaming Data (2024-2026)'!$A:$A,$A$1) -> 134163100 | E31: =SUMIFS('Streaming Data (2024-2026)'!$H:$H,'Streaming Data (2024-2026)'!$D:$D,$C31,'Streaming Data (2024-2026)'!$B:$B,E$2,'Streaming Data (2024-2026)'!$A:$A,$A$1) -> 142564943 | F31: =SUMIFS('Streaming Data (2024-2026)'!$H:$H,'Streaming Data (2024-2026)'!$D:$D,$C31,'Streaming Data (2024-2026)'!$B:$B,F$2,'Streaming Data (2024-2026)'!$A:$A,$A$1) -> 150174429 | H31: =IFERROR((E31-D31)/D31,0) -> 0.062624097 | I31: =IFERROR((F31-E31)/E31,0) -> 0.053375576 | J31: =IFERROR((F31-D31)/D31,0) -> 0.11934227
C32: XDuppy | D32: =SUMIFS('Streaming Data (2024-2026)'!$H:$H,'Streaming Data (2024-2026)'!$D:$D,$C32,'Streaming Data (2024-2026)'!$B:$B,D$2,'Streaming Data (2024-2026)'!$A:$A,$A$1) -> 262915560 | E32: =SUMIFS('Streaming Data (2024-2026)'!$H:$H,'Streaming Data (2024-2026)'!$D:$D,$C32,'Streaming Data (2024-2026)'!$B:$B,E$2,'Streaming Data (2024-2026)'!$A:$A,$A$1) -> 275566413 | F32: =SUMIFS('Streaming Data (2024-2026)'!$H:$H,'Streaming Data (2024-2026)'!$D:$D,$C32,'Streaming Data (2024-2026)'!$B:$B,F$2,'Streaming Data (2024-2026)'!$A:$A,$A$1) -> 286537146 | H32: =IFERROR((E32-D32)/D32,0) -> 0.048117552 | I32: =IFERROR((F32-E32)/E32,0) -> 0.039811575 | J32: =IFERROR((F32-D32)/D32,0) -> 0.089844762
C33: Royal Musiq | D33: =SUMIFS('Streaming Data (2024-2026)'!$H:$H,'Streaming Data (2024-2026)'!$D:$D,$C33,'Streaming Data (2024-2026)'!$B:$B,D$2,'Streaming Data (2024-2026)'!$A:$A,$A$1) -> 116981530 | E33: =SUMIFS('Streaming Data (2024-2026)'!$H:$H,'Streaming Data (2024-2026)'!$D:$D,$C33,'Streaming Data (2024-2026)'!$B:$B,E$2,'Streaming Data (2024-2026)'!$A:$A,$A$1) -> 122100279 | F33: =SUMIFS('Streaming Data (2024-2026)'!$H:$H,'Streaming Data (2024-2026)'!$D:$D,$C33,'Streaming Data (2024-2026)'!$B:$B,F$2,'Streaming Data (2024-2026)'!$A:$A,$A$1) -> 127213464 | H33: =IFERROR((E33-D33)/D33,0) -> 0.043756899 | I33: =IFERROR((F33-E33)/E33,0) -> 0.041876931 | J33: =IFERROR((F33-D33)/D33,0) -> 0.087466235
C34: Scotts Maphuma | D34: =SUMIFS('Streaming Data (2024-2026)'!$H:$H,'Streaming Data (2024-2026)'!$D:$D,$C34,'Streaming Data (2024-2026)'!$B:$B,D$2,'Streaming Data (2024-2026)'!$A:$A,$A$1) -> 426326820 | E34: =SUMIFS('Streaming Data (2024-2026)'!$H:$H,'Streaming Data (2024-2026)'!$D:$D,$C34,'Streaming Data (2024-2026)'!$B:$B,E$2,'Streaming Data (2024-2026)'!$A:$A,$A$1) -> 444736661 | F34: =SUMIFS('Streaming Data (2024-2026)'!$H:$H,'Streaming Data (2024-2026)'!$D:$D,$C34,'Streaming Data (2024-2026)'!$B:$B,F$2,'Streaming Data (2024-2026)'!$A:$A,$A$1) -> 461440317 | H34: =IFERROR((E34-D34)/D34,0) -> 0.04318246 | I34: =IFERROR((F34-E34)/E34,0) -> 0.037558532 | J34: =IFERROR((F34-D34)/D34,0) -> 0.082362862
C35: Sam Deep | D35: =SUMIFS('Streaming Data (2024-2026)'!$H:$H,'Streaming Data (2024-2026)'!$D:$D,$C35,'Streaming Data (2024-2026)'!$B:$B,D$2,'Streaming Data (2024-2026)'!$A:$A,$A$1) -> 172284442 | E35: =SUMIFS('Streaming Data (2024-2026)'!$H:$H,'Streaming Data (2024-2026)'!$D:$D,$C35,'Streaming Data (2024-2026)'!$B:$B,E$2,'Streaming Data (2024-2026)'!$A:$A,$A$1) -> 179414232 | F35: =SUMIFS('Streaming Data (2024-2026)'!$H:$H,'Streaming Data (2024-2026)'!$D:$D,$C35,'Streaming Data (2024-2026)'!$B:$B,F$2,'Streaming Data (2024-2026)'!$A:$A,$A$1) -> 186403596 | H35: =IFERROR((E35-D35)/D35,0) -> 0.04138383 | I35: =IFERROR((F35-E35)/E35,0) -> 0.038956575 | J35: =IFERROR((F35-D35)/D35,0) -> 0.081952577
C36: Zee Nxumalo | D36: =SUMIFS('Streaming Data (2024-2026)'!$H:$H,'Streaming Data (2024-2026)'!$D:$D,$C36,'Streaming Data (2024-2026)'!$B:$B,D$2,'Streaming Data (2024-2026)'!$A:$A,$A$1) -> 254314841 | E36: =SUMIFS('Streaming Data (2024-2026)'!$H:$H,'Streaming Data (2024-2026)'!$D:$D,$C36,'Streaming Data (2024-2026)'!$B:$B,E$2,'Streaming Data (2024-2026)'!$A:$A,$A$1) -> 263362547 | F36: =SUMIFS('Streaming Data (2024-2026)'!$H:$H,'Streaming Data (2024-2026)'!$D:$D,$C36,'Streaming Data (2024-2026)'!$B:$B,F$2,'Streaming Data (2024-2026)'!$A:$A,$A$1) -> 271481212 | H36: =IFERROR((E36-D36)/D36,0) -> 0.035576791 | I36: =IFERROR((F36-E36)/E36,0) -> 0.030826954 | J36: =IFERROR((F36-D36)/D36,0) -> 0.067500469
C37: Focalistic | D37: =SUMIFS('Streaming Data (2024-2026)'!$H:$H,'Streaming Data (2024-2026)'!$D:$D,$C37,'Streaming Data (2024-2026)'!$B:$B,D$2,'Streaming Data (2024-2026)'!$A:$A,$A$1) -> 365417834 | E37: =SUMIFS('Streaming Data (2024-2026)'!$H:$H,'Streaming Data (2024-2026)'!$D:$D,$C37,'Streaming Data (2024-2026)'!$B:$B,E$2,'Streaming Data (2024-2026)'!$A:$A,$A$1) -> 376549174 | F37: =SUMIFS('Streaming Data (2024-2026)'!$H:$H,'Streaming Data (2024-2026)'!$D:$D,$C37,'Streaming Data (2024-2026)'!$B:$B,F$2,'Streaming Data (2024-2026)'!$A:$A,$A$1) -> 386216622 | H37: =IFERROR((E37-D37)/D37,0) -> 0.030461951 | I37: =IFERROR((F37-E37)/E37,0) -> 0.0256738 | J37: =IFERROR((F37-D37)/D37,0) -> 0.056917824
C38: Uncle Waffles | D38: =SUMIFS('Streaming Data (2024-2026)'!$H:$H,'Streaming Data (2024-2026)'!$D:$D,$C38,'Streaming Data (2024-2026)'!$B:$B,D$2,'Streaming Data (2024-2026)'!$A:$A,$A$1) -> 196883759 | E38: =SUMIFS('Streaming Data (2024-2026)'!$H:$H,'Streaming Data (2024-2026)'!$D:$D,$C38,'Streaming Data (2024-2026)'!$B:$B,E$2,'Streaming Data (2024-2026)'!$A:$A,$A$1) -> 202380404 | F38: =SUMIFS('Streaming Data (2024-2026)'!$H:$H,'Streaming Data (2024-2026)'!$D:$D,$C38,'Streaming Data (2024-2026)'!$B:$B,F$2,'Streaming Data (2024-2026)'!$A:$A,$A$1) -> 207928923 | H38: =IFERROR((E38-D38)/D38,0) -> 0.027918225 | I38: =IFERROR((F38-E38)/E38,0) -> 0.027416286 | J38: =IFERROR((F38-D38)/D38,0) -> 0.056099924
C39: Kabza De Small | D39: =SUMIFS('Streaming Data (2024-2026)'!$H:$H,'Streaming Data (2024-2026)'!$D:$D,$C39,'Streaming Data (2024-2026)'!$B:$B,D$2,'Streaming Data (2024-2026)'!$A:$A,$A$1) -> 1087941638 | E39: =SUMIFS('Streaming Data (2024-2026)'!$H:$H,'Streaming Data (2024-2026)'!$D:$D,$C39,'Streaming Data (2024-2026)'!$B:$B,E$2,'Streaming Data (2024-2026)'!$A:$A,$A$1) -> 1121801331 | F39: =SUMIFS('Streaming Data (2024-2026)'!$H:$H,'Streaming Data (2024-2026)'!$D:$D,$C39,'Streaming Data (2024-2026)'!$B:$B,F$2,'Streaming Data (2024-2026)'!$A:$A,$A$1) -> 1148699708 | H39: =IFERROR((E39-D39)/D39,0) -> 0.031122711 | I39: =IFERROR((F39-E39)/E39,0) -> 0.023977844 | J39: =IFERROR((F39-D39)/D39,0) -> 0.05584681
C40: Kelvin Momo | D40: =SUMIFS('Streaming Data (2024-2026)'!$H:$H,'Streaming Data (2024-2026)'!$D:$D,$C40,'Streaming Data (2024-2026)'!$B:$B,D$2,'Streaming Data (2024-2026)'!$A:$A,$A$1) -> 590156360 | E40: =SUMIFS('Streaming Data (2024-2026)'!$H:$H,'Streaming Data (2024-2026)'!$D:$D,$C40,'Streaming Data (2024-2026)'!$B:$B,E$2,'Streaming Data (2024-2026)'!$A:$A,$A$1) -> 605741469 | F40: =SUMIFS('Streaming Data (2024-2026)'!$H:$H,'Streaming Data (2024-2026)'!$D:$D,$C40,'Streaming Data (2024-2026)'!$B:$B,F$2,'Streaming Data (2024-2026)'!$A:$A,$A$1) -> 620313166 | H40: =IFERROR((E40-D40)/D40,0) -> 0.02640844 | I40: =IFERROR((F40-E40)/E40,0) -> 0.024055967 | J40: =IFERROR((F40-D40)/D40,0) -> 0.051099688
... C48: Daliwonga | D48: =SUMIFS('Streaming Data (2024-2026)'!$H:$H,'Streaming Data (2024-2026)'!$D:$D,$C48,'Streaming Data (2024-2026)'!$B:$B,D$2,'Streaming Data (2024-2026)'!$A:$A,$A$1) -> 203642243 | E48: =SUMIFS('Streaming Data (2024-2026)'!$H:$H,'Streaming Data (2024-2026)'!$D:$D,$C48,'Streaming Data (2024-2026)'!$B:$B,E$2,'Streaming Data (2024-2026)'!$A:$A,$A$1) -> 206580651 | F48: =SUMIFS('Streaming Data (2024-2026)'!$H:$H,'Streaming Data (2024-2026)'!$D:$D,$C48,'Streaming Data (2024-2026)'!$B:$B,F$2,'Streaming Data (2024-2026)'!$A:$A,$A$1) -> 209221098 | H48: =IFERROR((E48-D48)/D48,0) -> 0.014429266 | I48: =IFERROR((F48-E48)/E48,0) -> 0.012781676 | J48: =IFERROR((F48-D48)/D48,0) -> 0.027395372
C51: Total Monthly Listeners | H51: Growth Analysis
C52: Artist | D52: May | E52: June | F52: July | H52: May-June | I52: June-July | J52: May-July
C53: Uncool MC | D53: =SUMIFS('Streaming Data (2024-2026)'!$J:$J,'Streaming Data (2024-2026)'!$D:$D,$C53,'Streaming Data (2024-2026)'!$B:$B,D$2,'Streaming Data (2024-2026)'!$A:$A,$A$1) -> 1030054 | E53: =SUMIFS('Streaming Data (2024-2026)'!$J:$J,'Streaming Data (2024-2026)'!$D:$D,$C53,'Streaming Data (2024-2026)'!$B:$B,E$2,'Streaming Data (2024-2026)'!$A:$A,$A$1) -> 1399584 | F53: =SUMIFS('Streaming Data (2024-2026)'!$J:$J,'Streaming Data (2024-2026)'!$D:$D,$C53,'Streaming Data (2024-2026)'!$B:$B,F$2,'Streaming Data (2024-2026)'!$A:$A,$A$1) -> 1514687 | H53: =IFERROR((E53-D53)/D53,0) -> 0.35874818 | I53: =IFERROR((F53-E53)/E53,0) -> 0.082240866 | J53: =IFERROR((F53-D53)/D53,0) -> 0.47049281
C54: Kabza De Small | D54: =SUMIFS('Streaming Data (2024-2026)'!$J:$J,'Streaming Data (2024-2026)'!$D:$D,$C54,'Streaming Data (2024-2026)'!$B:$B,D$2,'Streaming Data (2024-2026)'!$A:$A,$A$1) -> 3211035 | E54: =SUMIFS('Streaming Data (2024-2026)'!$J:$J,'Streaming Data (2024-2026)'!$D:$D,$C54,'Streaming Data (2024-2026)'!$B:$B,E$2,'Streaming Data (2024-2026)'!$A:$A,$A$1) -> 4217498 | F54: =SUMIFS('Streaming Data (2024-2026)'!$J:$J,'Streaming Data (2024-2026)'!$D:$D,$C54,'Streaming Data (2024-2026)'!$B:$B,F$2,'Streaming Data (2024-2026)'!$A:$A,$A$1) -> 3831583 | H54: =IFERROR((E54-D54)/D54,0) -> 0.31343881 | I54: =IFERROR((F54-E54)/E54,0) -> -0.091503304 | J54: =IFERROR((F54-D54)/D54,0) -> 0.19325482
C55: Uncle Waffles | D55: =SUMIFS('Streaming Data (2024-2026)'!$J:$J,'Streaming Data (2024-2026)'!$D:$D,$C55,'Streaming Data (2024-2026)'!$B:$B,D$2,'Streaming Data (2024-2026)'!$A:$A,$A$1) -> 1326877 | E55: =SUMIFS('Streaming Data (2024-2026)'!$J:$J,'Streaming Data (2024-2026)'!$D:$D,$C55,'Streaming Data (2024-2026)'!$B:$B,E$2,'Streaming Data (2024-2026)'!$A:$A,$A$1) -> 1453953 | F55: =SUMIFS('Streaming Data (2024-2026)'!$J:$J,'Streaming Data (2024-2026)'!$D:$D,$C55,'Streaming Data (2024-2026)'!$B:$B,F$2,'Streaming Data (2024-2026)'!$A:$A,$A$1) -> 1540449 | H55: =IFERROR((E55-D55)/D55,0) -> 0.095770746 | I55: =IFERROR((F55-E55)/E55,0) -> 0.059490231 | J55: =IFERROR((F55-D55)/D55,0) -> 0.1609584
C56: Thatohatsi | D56: =SUMIFS('Streaming Data (2024-2026)'!$J:$J,'Streaming Data (2024-2026)'!$D:$D,$C56,'Streaming Data (2024-2026)'!$B:$B,D$2,'Streaming Data (2024-2026)'!$A:$A,$A$1) -> 1865425 | E56: =SUMIFS('Streaming Data (2024-2026)'!$J:$J,'Streaming Data (2024-2026)'!$D:$D,$C56,'Streaming Data (2024-2026)'!$B:$B,E$2,'Streaming Data (2024-2026)'!$A:$A,$A$1) -> 2046776 | F56: =SUMIFS('Streaming Data (2024-2026)'!$J:$J,'Streaming Data (2024-2026)'!$D:$D,$C56,'Streaming Data (2024-2026)'!$B:$B,F$2,'Streaming Data (2024-2026)'!$A:$A,$A$1) -> 2064828 | H56: =IFERROR((E56-D56)/D56,0) -> 0.097216988 | I56: =IFERROR((F56-E56)/E56,0) -> 0.0088197243 | J56: =IFERROR((F56-D56)/D56,0) -> 0.10689414
C57: Justin99 | D57: =SUMIFS('Streaming Data (2024-2026)'!$J:$J,'Streaming Data (2024-2026)'!$D:$D,$C57,'Streaming Data (2024-2026)'!$B:$B,D$2,'Streaming Data (2024-2026)'!$A:$A,$A$1) -> 719798 | E57: =SUMIFS('Streaming Data (2024-2026)'!$J:$J,'Streaming Data (2024-2026)'!$D:$D,$C57,'Streaming Data (2024-2026)'!$B:$B,E$2,'Streaming Data (2024-2026)'!$A:$A,$A$1) -> 610897 | F57: =SUMIFS('Streaming Data (2024-2026)'!$J:$J,'Streaming Data (2024-2026)'!$D:$D,$C57,'Streaming Data (2024-2026)'!$B:$B,F$2,'Streaming Data (2024-2026)'!$A:$A,$A$1) -> 785092 | H57: =IFERROR((E57-D57)/D57,0) -> -0.15129384 | I57: =IFERROR((F57-E57)/E57,0) -> 0.28514627 | J57: =IFERROR((F57-D57)/D57,0) -> 0.090711561
C58: TxC | D58: =SUMIFS('Streaming Data (2024-2026)'!$J:$J,'Streaming Data (2024-2026)'!$D:$D,$C58,'Streaming Data (2024-2026)'!$B:$B,D$2,'Streaming Data (2024-2026)'!$A:$A,$A$1) -> 1968091 | E58: =SUMIFS('Streaming Data (2024-2026)'!$J:$J,'Streaming Data (2024-2026)'!$D:$D,$C58,'Streaming Data (2024-2026)'!$B:$B,E$2,'Streaming Data (2024-2026)'!$A:$A,$A$1) -> 2006978 | F58: =SUMIFS('Streaming Data (2024-2026)'!$J:$J,'Streaming Data (2024-2026)'!$D:$D,$C58,'Streaming Data (2024-2026)'!$B:$B,F$2,'Streaming Data (2024-2026)'!$A:$A,$A$1) -> 2007099 | H58: =IFERROR((E58-D58)/D58,0) -> 0.019758741 | I58: =IFERROR((F58-E58)/E58,0) -> 6.0289649e-05 | J58: =IFERROR((F58-D58)/D58,0) -> 0.019820222
C59: Royal Musiq | D59: =SUMIFS('Streaming Data (2024-2026)'!$J:$J,'Streaming Data (2024-2026)'!$D:$D,$C59,'Streaming Data (2024-2026)'!$B:$B,D$2,'Streaming Data (2024-2026)'!$A:$A,$A$1) -> 1621631 | E59: =SUMIFS('Streaming Data (2024-2026)'!$J:$J,'Streaming Data (2024-2026)'!$D:$D,$C59,'Streaming Data (2024-2026)'!$B:$B,E$2,'Streaming Data (2024-2026)'!$A:$A,$A$1) -> 1588643 | F59: =SUMIFS('Streaming Data (2024-2026)'!$J:$J,'Streaming Data (2024-2026)'!$D:$D,$C59,'Streaming Data (2024-2026)'!$B:$B,F$2,'Streaming Data (2024-2026)'!$A:$A,$A$1) -> 1602704 | H59: =IFERROR((E59-D59)/D59,0) -> -0.020342482 | I59: =IFERROR((F59-E59)/E59,0) -> 0.0088509502 | J59: =IFERROR((F59-D59)/D59,0) -> -0.011671582
C60: Tyler ICU | D60: =SUMIFS('Streaming Data (2024-2026)'!$J:$J,'Streaming Data (2024-2026)'!$D:$D,$C60,'Streaming Data (2024-2026)'!$B:$B,D$2,'Streaming Data (2024-2026)'!$A:$A,$A$1) -> 2338078 | E60: =SUMIFS('Streaming Data (2024-2026)'!$J:$J,'Streaming Data (2024-2026)'!$D:$D,$C60,'Streaming Data (2024-2026)'!$B:$B,E$2,'Streaming Data (2024-2026)'!$A:$A,$A$1) -> 2261035 | F60: =SUMIFS('Streaming Data (2024-2026)'!$J:$J,'Streaming Data (2024-2026)'!$D:$D,$C60,'Streaming Data (2024-2026)'!$B:$B,F$2,'Streaming Data (2024-2026)'!$A:$A,$A$1) -> 2278505 | H60: =IFERROR((E60-D60)/D60,0) -> -0.032951424 | I60: =IFERROR((F60-E60)/E60,0) -> 0.00772655 | J60: =IFERROR((F60-D60)/D60,0) -> -0.025479475
C61: Kelvin Momo | D61: =SUMIFS('Streaming Data (2024-2026)'!$J:$J,'Streaming Data (2024-2026)'!$D:$D,$C61,'Streaming Data (2024-2026)'!$B:$B,D$2,'Streaming Data (2024-2026)'!$A:$A,$A$1) -> 1746310 | E61: =SUMIFS('Streaming Data (2024-2026)'!$J:$J,'Streaming Data (2024-2026)'!$D:$D,$C61,'Streaming Data (2024-2026)'!$B:$B,E$2,'Streaming Data (2024-2026)'!$A:$A,$A$1) -> 1671236 | F61: =SUMIFS('Streaming Data (2024-2026)'!$J:$J,'Streaming Data (2024-2026)'!$D:$D,$C61,'Streaming Data (2024-2026)'!$B:$B,F$2,'Streaming Data (2024-2026)'!$A:$A,$A$1) -> 1671453 | H61: =IFERROR((E61-D61)/D61,0) -> -0.042990076 | I61: =IFERROR((F61-E61)/E61,0) -> 0.00012984402 | J61: =IFERROR((F61-D61)/D61,0) -> -0.042865814
C62: Focalistic | D62: =SUMIFS('Streaming Data (2024-2026)'!$J:$J,'Streaming Data (2024-2026)'!$D:$D,$C62,'Streaming Data (2024-2026)'!$B:$B,D$2,'Streaming Data (2024-2026)'!$A:$A,$A$1) -> 2646694 | E62: =SUMIFS('Streaming Data (2024-2026)'!$J:$J,'Streaming Data (2024-2026)'!$D:$D,$C62,'Streaming Data (2024-2026)'!$B:$B,E$2,'Streaming Data (2024-2026)'!$A:$A,$A$1) -> 2702464 | F62: =SUMIFS('Streaming Data (2024-2026)'!$J:$J,'Streaming Data (2024-2026)'!$D:$D,$C62,'Streaming Data (2024-2026)'!$B:$B,F$2,'Streaming Data (2024-2026)'!$A:$A,$A$1) -> 2454330 | H62: =IFERROR((E62-D62)/D62,0) -> 0.021071571 | I62: =IFERROR((F62-E62)/E62,0) -> -0.091817689 | J62: =IFERROR((F62-D62)/D62,0) -> -0.072680861
C63: Daliwonga | D63: =SUMIFS('Streaming Data (2024-2026)'!$J:$J,'Streaming Data (2024-2026)'!$D:$D,$C63,'Streaming Data (2024-2026)'!$B:$B,D$2,'Streaming Data (2024-2026)'!$A:$A,$A$1) -> 609846 | E63: =SUMIFS('Streaming Data (2024-2026)'!$J:$J,'Streaming Data (2024-2026)'!$D:$D,$C63,'Streaming Data (2024-2026)'!$B:$B,E$2,'Streaming Data (2024-2026)'!$A:$A,$A$1) -> 584584 | F63: =SUMIFS('Streaming Data (2024-2026)'!$J:$J,'Streaming Data (2024-2026)'!$D:$D,$C63,'Streaming Data (2024-2026)'!$B:$B,F$2,'Streaming Data (2024-2026)'!$A:$A,$A$1) -> 565021 | H63: =IFERROR((E63-D63)/D63,0) -> -0.041423573 | I63: =IFERROR((F63-E63)/E63,0) -> -0.033464823 | J63: =IFERROR((F63-D63)/D63,0) -> -0.073502163
C64: Mellow & Sleazy | D64: =SUMIFS('Streaming Data (2024-2026)'!$J:$J,'Streaming Data (2024-2026)'!$D:$D,$C64,'Streaming Data (2024-2026)'!$B:$B,D$2,'Streaming Data (2024-2026)'!$A:$A,$A$1) -> 1593361 | E64: =SUMIFS('Streaming Data (2024-2026)'!$J:$J,'Streaming Data (2024-2026)'!$D:$D,$C64,'Streaming Data (2024-2026)'!$B:$B,E$2,'Streaming Data (2024-2026)'!$A:$A,$A$1) -> 1531331 | F64: =SUMIFS('Streaming Data (2024-2026)'!$J:$J,'Streaming Data (2024-2026)'!$D:$D,$C64,'Streaming Data (2024-2026)'!$B:$B,F$2,'Streaming Data (2024-2026)'!$A:$A,$A$1) -> 1470211 | H64: =IFERROR((E64-D64)/D64,0) -> -0.038930286 | I64: =IFERROR((F64-E64)/E64,0) -> -0.039912991 | J64: =IFERROR((F64-D64)/D64,0) -> -0.077289453
... C72: Pcee | D72: =SUMIFS('Streaming Data (2024-2026)'!$J:$J,'Streaming Data (2024-2026)'!$D:$D,$C72,'Streaming Data (2024-2026)'!$B:$B,D$2,'Streaming Data (2024-2026)'!$A:$A,$A$1) -> 1296472 | E72: =SUMIFS('Streaming Data (2024-2026)'!$J:$J,'Streaming Data (2024-2026)'!$D:$D,$C72,'Streaming Data (2024-2026)'!$B:$B,E$2,'Streaming Data (2024-2026)'!$A:$A,$A$1) -> 1133849 | F72: =SUMIFS('Streaming Data (2024-2026)'!$J:$J,'Streaming Data (2024-2026)'!$D:$D,$C72,'Streaming Data (2024-2026)'!$B:$B,F$2,'Streaming Data (2024-2026)'!$A:$A,$A$1) -> 1000659 | H72: =IFERROR((E72-D72)/D72,0) -> -0.12543503 | I72: =IFERROR((F72-E72)/E72,0) -> -0.11746714 | J72: =IFERROR((F72-D72)/D72,0) -> -0.22816767
C75: The Piano Index 3-Month Snapshot | H75: Growth Analysis
C76: Month | D76: May | E76: June | F76: July | H76: May-June | I76: June-July | J76: May-July
C77: Followers | D77: =SUMIFS('Streaming Data (2024-2026)'!$F:$F,'Streaming Data (2024-2026)'!$B:$B,D$2,'Streaming Data (2024-2026)'!$A:$A,$A$1) -> 36558470 | E77: =SUMIFS('Streaming Data (2024-2026)'!$F:$F,'Streaming Data (2024-2026)'!$B:$B,E$2,'Streaming Data (2024-2026)'!$A:$A,$A$1) -> 37376324 | F77: =SUMIFS('Streaming Data (2024-2026)'!$F:$F,'Streaming Data (2024-2026)'!$B:$B,F$2,'Streaming Data (2024-2026)'!$A:$A,$A$1) -> 38116082 | H77: =IFERROR((E77-D77)/D77,0) -> 0.022371122 | I77: =IFERROR((F77-E77)/E77,0) -> 0.019792155 | J77: =IFERROR((F77-D77)/D77,0) -> 0.04260605
C78: Streams | D78: =SUMIFS('Streaming Data (2024-2026)'!$H:$H,'Streaming Data (2024-2026)'!$B:$B,D$2,'Streaming Data (2024-2026)'!$A:$A,$A$1) -> 7519263867 | E78: =SUMIFS('Streaming Data (2024-2026)'!$H:$H,'Streaming Data (2024-2026)'!$B:$B,E$2,'Streaming Data (2024-2026)'!$A:$A,$A$1) -> 7760992208 | F78: =SUMIFS('Streaming Data (2024-2026)'!$H:$H,'Streaming Data (2024-2026)'!$B:$B,F$2,'Streaming Data (2024-2026)'!$A:$A,$A$1) -> 7980090839 | H78: =IFERROR((E78-D78)/D78,0) -> 0.032147873 | I78: =IFERROR((F78-E78)/E78,0) -> 0.02823075 | J78: =IFERROR((F78-D78)/D78,0) -> 0.061286182
C79: Monthly Listeners | D79: =SUMIFS('Streaming Data (2024-2026)'!$J:$J,'Streaming Data (2024-2026)'!$B:$B,D$2,'Streaming Data (2024-2026)'!$A:$A,$A$1) -> 42093714 | E79: =SUMIFS('Streaming Data (2024-2026)'!$J:$J,'Streaming Data (2024-2026)'!$B:$B,E$2,'Streaming Data (2024-2026)'!$A:$A,$A$1) -> 42519841 | F79: =SUMIFS('Streaming Data (2024-2026)'!$J:$J,'Streaming Data (2024-2026)'!$B:$B,F$2,'Streaming Data (2024-2026)'!$A:$A,$A$1) -> 41355267 | H79: =IFERROR((E79-D79)/D79,0) -> 0.010123293 | I79: =IFERROR((F79-E79)/E79,0) -> -0.027388955 | J79: =IFERROR((F79-D79)/D79,0) -> -0.017542928

Sheet CY2026 YTD
D2: 2026-01-01 | E2: 2026-02-01 | F2: 2026-03-01 | G2: 2026-04-01 | H2: 2026-05-01 | I2: 2026-06-01 | J2: 2026-07-01
D3: Total Followers | L3: Follower Growth Analysis
C4: Artist | D4: January | E4: Feburary | F4: March | G4: April | H4: May | I4: June | J4: July | L4: Jan-Feb | M4: Feb-Mar | N4: Mar-Apr | O4: Apr-May | P4: May-Jun | Q4: Jun-July | R4: Jan-July | S4: Avg. Growth Rate
B5: =RANK(S5,$S$5:$S$24,0) -> 1 | C5: Thatohatsi | D5: =SUMIFS('Streaming Data (2024-2026)'!$F:$F,'Streaming Data (2024-2026)'!$D:$D,$C5,'Streaming Data (2024-2026)'!$E:$E,D$2) -> 186510 | E5: =SUMIFS('Streaming Data (2024-2026)'!$F:$F,'Streaming Data (2024-2026)'!$D:$D,$C5,'Streaming Data (2024-2026)'!$E:$E,E$2) -> 218371 | F5: =SUMIFS('Streaming Data (2024-2026)'!$F:$F,'Streaming Data (2024-2026)'!$D:$D,$C5,'Streaming Data (2024-2026)'!$E:$E,F$2) -> 247716 | G5: =SUMIFS('Streaming Data (2024-2026)'!$F:$F,'Streaming Data (2024-2026)'!$D:$D,$C5,'Streaming Data (2024-2026)'!$E:$E,G$2) -> 281039 | H5: =SUMIFS('Streaming Data (2024-2026)'!$F:$F,'Streaming Data (2024-2026)'!$D:$D,$C5,'Streaming Data (2024-2026)'!$E:$E,H$2) -> 326254 | I5: =SUMIFS('Streaming Data (2024-2026)'!$F:$F,'Streaming Data (2024-2026)'!$D:$D,$C5,'Streaming Data (2024-2026)'!$E:$E,I$2) -> 361146 | J5: =SUMIFS('Streaming Data (2024-2026)'!$F:$F,'Streaming Data (2024-2026)'!$D:$D,$C5,'Streaming Data (2024-2026)'!$E:$E,J$2) -> 397115 | L5: =IFERROR((E5-D5)/D5,0) -> 0.1708273 | M5: =IFERROR((F5-E5)/E5,0) -> 0.1343814 | N5: =IFERROR((G5-F5)/F5,0) -> 0.13452098 | O5: =IFERROR((H5-G5)/G5,0) -> 0.16088514 | P5: =IFERROR((I5-H5)/H5,0) -> 0.10694735 | Q5: =IFERROR((J5-I5)/I5,0) -> 0.099596839 | R5: =IFERROR((J5-D5)/D5,0) -> 1.1291888 | S5: =IFERROR((J5/D5)^(1/6)-1,0) -> 0.13423322 | AA5: Thatohatsi: | AB5: Joined Spotify late 2024
B6: =RANK(S6,$S$5:$S$24,0) -> 2 | C6: Sam Deep | D6: =SUMIFS('Streaming Data (2024-2026)'!$F:$F,'Streaming Data (2024-2026)'!$D:$D,$C6,'Streaming Data (2024-2026)'!$E:$E,D$2) -> 881192 | E6: =SUMIFS('Streaming Data (2024-2026)'!$F:$F,'Streaming Data (2024-2026)'!$D:$D,$C6,'Streaming Data (2024-2026)'!$E:$E,E$2) -> 935319 | F6: =SUMIFS('Streaming Data (2024-2026)'!$F:$F,'Streaming Data (2024-2026)'!$D:$D,$C6,'Streaming Data (2024-2026)'!$E:$E,F$2) -> 1003581 | G6: =SUMIFS('Streaming Data (2024-2026)'!$F:$F,'Streaming Data (2024-2026)'!$D:$D,$C6,'Streaming Data (2024-2026)'!$E:$E,G$2) -> 1057215 | H6: =SUMIFS('Streaming Data (2024-2026)'!$F:$F,'Streaming Data (2024-2026)'!$D:$D,$C6,'Streaming Data (2024-2026)'!$E:$E,H$2) -> 1128567 | I6: =SUMIFS('Streaming Data (2024-2026)'!$F:$F,'Streaming Data (2024-2026)'!$D:$D,$C6,'Streaming Data (2024-2026)'!$E:$E,I$2) -> 1191790 | J6: =SUMIFS('Streaming Data (2024-2026)'!$F:$F,'Streaming Data (2024-2026)'!$D:$D,$C6,'Streaming Data (2024-2026)'!$E:$E,J$2) -> 1273152 | L6: =IFERROR((E6-D6)/D6,0) -> 0.061424752 | M6: =IFERROR((F6-E6)/E6,0) -> 0.072982587 | N6: =IFERROR((G6-F6)/F6,0) -> 0.053442622 | O6: =IFERROR((H6-G6)/G6,0) -> 0.067490529 | P6: =IFERROR((I6-H6)/H6,0) -> 0.0560206 | Q6: =IFERROR((J6-I6)/I6,0) -> 0.068268739 | R6: =IFERROR((J6-D6)/D6,0) -> 0.44480658 | S6: =IFERROR((J6/D6)^(1/6)-1,0) -> 0.063248924 | U6: Artist Snapshot
B7: =RANK(S7,$S$5:$S$24,0) -> 3 | C7: Uncool MC | D7: =SUMIFS('Streaming Data (2024-2026)'!$F:$F,'Streaming Data (2024-2026)'!$D:$D,$C7,'Streaming Data (2024-2026)'!$E:$E,D$2) -> 54906 | E7: =SUMIFS('Streaming Data (2024-2026)'!$F:$F,'Streaming Data (2024-2026)'!$D:$D,$C7,'Streaming Data (2024-2026)'!$E:$E,E$2) -> 60106 | F7: =SUMIFS('Streaming Data (2024-2026)'!$F:$F,'Streaming Data (2024-2026)'!$D:$D,$C7,'Streaming Data (2024-2026)'!$E:$E,F$2) -> 63850 | G7: =SUMIFS('Streaming Data (2024-2026)'!$F:$F,'Streaming Data (2024-2026)'!$D:$D,$C7,'Streaming Data (2024-2026)'!$E:$E,G$2) -> 66894 | H7: =SUMIFS('Streaming Data (2024-2026)'!$F:$F,'Streaming Data (2024-2026)'!$D:$D,$C7,'Streaming Data (2024-2026)'!$E:$E,H$2) -> 71071 | I7: =SUMIFS('Streaming Data (2024-2026)'!$F:$F,'Streaming Data (2024-2026)'!$D:$D,$C7,'Streaming Data (2024-2026)'!$E:$E,I$2) -> 75331 | J7: =SUMIFS('Streaming Data (2024-2026)'!$F:$F,'Streaming Data (2024-2026)'!$D:$D,$C7,'Streaming Data (2024-2026)'!$E:$E,J$2) -> 79045 | L7: =IFERROR((E7-D7)/D7,0) -> 0.094707318 | M7: =IFERROR((F7-E7)/E7,0) -> 0.062289954 | N7: =IFERROR((G7-F7)/F7,0) -> 0.047674236 | O7: =IFERROR((H7-G7)/G7,0) -> 0.062442073 | P7: =IFERROR((I7-H7)/H7,0) -> 0.05994006 | Q7: =IFERROR((J7-I7)/I7,0) -> 0.049302412 | R7: =IFERROR((J7-D7)/D7,0) -> 0.4396423 | S7: =IFERROR((J7/D7)^(1/6)-1,0) -> 0.06261457 | U7: Select Artist | V7: Follower Growth Rank | W7: Stream Growth Rank | X7: Monthly Listeners Growth Rank
B8: =RANK(S8,$S$5:$S$24,0) -> 4 | C8: XDuppy | D8: =SUMIFS('Streaming Data (2024-2026)'!$F:$F,'Streaming Data (2024-2026)'!$D:$D,$C8,'Streaming Data (2024-2026)'!$E:$E,D$2) -> 357275 | E8: =SUMIFS('Streaming Data (2024-2026)'!$F:$F,'Streaming Data (2024-2026)'!$D:$D,$C8,'Streaming Data (2024-2026)'!$E:$E,E$2) -> 377164 | F8: =SUMIFS('Streaming Data (2024-2026)'!$F:$F,'Streaming Data (2024-2026)'!$D:$D,$C8,'Streaming Data (2024-2026)'!$E:$E,F$2) -> 397364 | G8: =SUMIFS('Streaming Data (2024-2026)'!$F:$F,'Streaming Data (2024-2026)'!$D:$D,$C8,'Streaming Data (2024-2026)'!$E:$E,G$2) -> 419993 | H8: =SUMIFS('Streaming Data (2024-2026)'!$F:$F,'Streaming Data (2024-2026)'!$D:$D,$C8,'Streaming Data (2024-2026)'!$E:$E,H$2) -> 442078 | I8: =SUMIFS('Streaming Data (2024-2026)'!$F:$F,'Streaming Data (2024-2026)'!$D:$D,$C8,'Streaming Data (2024-2026)'!$E:$E,I$2) -> 470273 | J8: =SUMIFS('Streaming Data (2024-2026)'!$F:$F,'Streaming Data (2024-2026)'!$D:$D,$C8,'Streaming Data (2024-2026)'!$E:$E,J$2) -> 491635 | L8: =IFERROR((E8-D8)/D8,0) -> 0.055668603 | M8: =IFERROR((F8-E8)/E8,0) -> 0.053557604 | N8: =IFERROR((G8-F8)/F8,0) -> 0.056947786 | O8: =IFERROR((H8-G8)/G8,0) -> 0.05258421 | P8: =IFERROR((I8-H8)/H8,0) -> 0.063778338 | Q8: =IFERROR((J8-I8)/I8,0) -> 0.045424679 | R8: =IFERROR((J8-D8)/D8,0) -> 0.37606885 | S8: =IFERROR((J8/D8)^(1/6)-1,0) -> 0.054645962 | U8: Uncool MC | V8: =_xlfn.XLOOKUP($U$8,$C$5:$C$24,$B$5:$B$24,0) -> 3 | W8: =_xlfn.XLOOKUP($U$8,$C$29:$C$48,$B$29:$B$48,0) -> 3 | X8: =_xlfn.XLOOKUP($U$8,$C$53:$C$72,$B$53:$B$72,0) -> 3
B9: =RANK(S9,$S$5:$S$24,0) -> 5 | C9: Zee Nxumalo | D9: =SUMIFS('Streaming Data (2024-2026)'!$F:$F,'Streaming Data (2024-2026)'!$D:$D,$C9,'Streaming Data (2024-2026)'!$E:$E,D$2) -> 1255496 | E9: =SUMIFS('Streaming Data (2024-2026)'!$F:$F,'Streaming Data (2024-2026)'!$D:$D,$C9,'Streaming Data (2024-2026)'!$E:$E,E$2) -> 1339190 | F9: =SUMIFS('Streaming Data (2024-2026)'!$F:$F,'Streaming Data (2024-2026)'!$D:$D,$C9,'Streaming Data (2024-2026)'!$E:$E,F$2) -> 1412040 | G9: =SUMIFS('Streaming Data (2024-2026)'!$F:$F,'Streaming Data (2024-2026)'!$D:$D,$C9,'Streaming Data (2024-2026)'!$E:$E,G$2) -> 1500888 | H9: =SUMIFS('Streaming Data (2024-2026)'!$F:$F,'Streaming Data (2024-2026)'!$D:$D,$C9,'Streaming Data (2024-2026)'!$E:$E,H$2) -> 1564098 | I9: =SUMIFS('Streaming Data (2024-2026)'!$F:$F,'Streaming Data (2024-2026)'!$D:$D,$C9,'Streaming Data (2024-2026)'!$E:$E,I$2) -> 1634196 | J9: =SUMIFS('Streaming Data (2024-2026)'!$F:$F,'Streaming Data (2024-2026)'!$D:$D,$C9,'Streaming Data (2024-2026)'!$E:$E,J$2) -> 1691439 | L9: =IFERROR((E9-D9)/D9,0) -> 0.0666621 | M9: =IFERROR((F9-E9)/E9,0) -> 0.054398554 | N9: =IFERROR((G9-F9)/F9,0) -> 0.06292173 | O9: =IFERROR((H9-G9)/G9,0) -> 0.042115068 | P9: =IFERROR((I9-H9)/H9,0) -> 0.044816885 | Q9: =IFERROR((J9-I9)/I9,0) -> 0.035028234 | R9: =IFERROR((J9-D9)/D9,0) -> 0.34722771 | S9: =IFERROR((J9/D9)^(1/6)-1,0) -> 0.050929302
B10: =RANK(S10,$S$5:$S$24,0) -> 6 | C10: Scotts Maphuma | D10: =SUMIFS('Streaming Data (2024-2026)'!$F:$F,'Streaming Data (2024-2026)'!$D:$D,$C10,'Streaming Data (2024-2026)'!$E:$E,D$2) -> 1426088 | E10: =SUMIFS('Streaming Data (2024-2026)'!$F:$F,'Streaming Data (2024-2026)'!$D:$D,$C10,'Streaming Data (2024-2026)'!$E:$E,E$2) -> 1489768 | F10: =SUMIFS('Streaming Data (2024-2026)'!$F:$F,'Streaming Data (2024-2026)'!$D:$D,$C10,'Streaming Data (2024-2026)'!$E:$E,F$2) -> 1543750 | G10: =SUMIFS('Streaming Data (2024-2026)'!$F:$F,'Streaming Data (2024-2026)'!$D:$D,$C10,'Streaming Data (2024-2026)'!$E:$E,G$2) -> 1613833 | H10: =SUMIFS('Streaming Data (2024-2026)'!$F:$F,'Streaming Data (2024-2026)'!$D:$D,$C10,'Streaming Data (2024-2026)'!$E:$E,H$2) -> 1706291 | I10: =SUMIFS('Streaming Data (2024-2026)'!$F:$F,'Streaming Data (2024-2026)'!$D:$D,$C10,'Streaming Data (2024-2026)'!$E:$E,I$2) -> 1775021 | J10: =SUMIFS('Streaming Data (2024-2026)'!$F:$F,'Streaming Data (2024-2026)'!$D:$D,$C10,'Streaming Data (2024-2026)'!$E:$E,J$2) -> 1836645 | L10: =IFERROR((E10-D10)/D10,0) -> 0.044653626 | M10: =IFERROR((F10-E10)/E10,0) -> 0.036235172 | N10: =IFERROR((G10-F10)/F10,0) -> 0.045397895 | O10: =IFERROR((H10-G10)/G10,0) -> 0.057290934 | P10: =IFERROR((I10-H10)/H10,0) -> 0.040280351 | Q10: =IFERROR((J10-I10)/I10,0) -> 0.034717336 | R10: =IFERROR((J10-D10)/D10,0) -> 0.28789037 | S10: =IFERROR((J10/D10)^(1/6)-1,0) -> 0.043069266
B11: =RANK(S11,$S$5:$S$24,0) -> 7 | C11: TxC | D11: =SUMIFS('Streaming Data (2024-2026)'!$F:$F,'Streaming Data (2024-2026)'!$D:$D,$C11,'Streaming Data (2024-2026)'!$E:$E,D$2) -> 248008 | E11: =SUMIFS('Streaming Data (2024-2026)'!$F:$F,'Streaming Data (2024-2026)'!$D:$D,$C11,'Streaming Data (2024-2026)'!$E:$E,E$2) -> 260830 | F11: =SUMIFS('Streaming Data (2024-2026)'!$F:$F,'Streaming Data (2024-2026)'!$D:$D,$C11,'Streaming Data (2024-2026)'!$E:$E,F$2) -> 270240 | G11: =SUMIFS('Streaming Data (2024-2026)'!$F:$F,'Streaming Data (2024-2026)'!$D:$D,$C11,'Streaming Data (2024-2026)'!$E:$E,G$2) -> 279954 | H11: =SUMIFS('Streaming Data (2024-2026)'!$F:$F,'Streaming Data (2024-2026)'!$D:$D,$C11,'Streaming Data (2024-2026)'!$E:$E,H$2) -> 293673 | I11: =SUMIFS('Streaming Data (2024-2026)'!$F:$F,'Streaming Data (2024-2026)'!$D:$D,$C11,'Streaming Data (2024-2026)'!$E:$E,I$2) -> 309630 | J11: =SUMIFS('Streaming Data (2024-2026)'!$F:$F,'Streaming Data (2024-2026)'!$D:$D,$C11,'Streaming Data (2024-2026)'!$E:$E,J$2) -> 318057 | L11: =IFERROR((E11-D11)/D11,0) -> 0.051699945 | M11: =IFERROR((F11-E11)/E11,0) -> 0.036077138 | N11: =IFERROR((G11-F11)/F11,0) -> 0.035945826 | O11: =IFERROR((H11-G11)/G11,0) -> 0.049004479 | P11: =IFERROR((I11-H11)/H11,0) -> 0.054335945 | Q11: =IFERROR((J11-I11)/I11,0) -> 0.027216355 | R11: =IFERROR((J11-D11)/D11,0) -> 0.28244653 | S11: =IFERROR((J11/D11)^(1/6)-1,0) -> 0.042333137
B12: =RANK(S12,$S$5:$S$24,0) -> 8 | C12: Pcee | D12: =SUMIFS('Streaming Data (2024-2026)'!$F:$F,'Streaming Data (2024-2026)'!$D:$D,$C12,'Streaming Data (2024-2026)'!$E:$E,D$2) -> 651509 | E12: =SUMIFS('Streaming Data (2024-2026)'!$F:$F,'Streaming Data (2024-2026)'!$D:$D,$C12,'Streaming Data (2024-2026)'!$E:$E,E$2) -> 673305 | F12: =SUMIFS('Streaming Data (2024-2026)'!$F:$F,'Streaming Data (2024-2026)'!$D:$D,$C12,'Streaming Data (2024-2026)'!$E:$E,F$2) -> 697253 | G12: =SUMIFS('Streaming Data (2024-2026)'!$F:$F,'Streaming Data (2024-2026)'!$D:$D,$C12,'Streaming Data (2024-2026)'!$E:$E,G$2) -> 730714 | H12: =SUMIFS('Streaming Data (2024-2026)'!$F:$F,'Streaming Data (2024-2026)'!$D:$D,$C12,'Streaming Data (2024-2026)'!$E:$E,H$2) -> 755355 | I12: =SUMIFS('Streaming Data (2024-2026)'!$F:$F,'Streaming Data (2024-2026)'!$D:$D,$C12,'Streaming Data (2024-2026)'!$E:$E,I$2) -> 780255 | J12: =SUMIFS('Streaming Data (2024-2026)'!$F:$F,'Streaming Data (2024-2026)'!$D:$D,$C12,'Streaming Data (2024-2026)'!$E:$E,J$2) -> 802257 | L12: =IFERROR((E12-D12)/D12,0) -> 0.033454641 | M12: =IFERROR((F12-E12)/E12,0) -> 0.035567833 | N12: =IFERROR((G12-F12)/F12,0) -> 0.047989754 | O12: =IFERROR((H12-G12)/G12,0) -> 0.033721812 | P12: =IFERROR((I12-H12)/H12,0) -> 0.032964633 | Q12: =IFERROR((J12-I12)/I12,0) -> 0.028198474 | R12: =IFERROR((J12-D12)/D12,0) -> 0.23138284 | S12: =IFERROR((J12/D12)^(1/6)-1,0) -> 0.035298336
B13: =RANK(S13,$S$5:$S$24,0) -> 9 | C13: Royal Musiq | D13: =SUMIFS('Streaming Data (2024-2026)'!$F:$F,'Streaming Data (2024-2026)'!$D:$D,$C13,'Streaming Data (2024-2026)'!$E:$E,D$2) -> 218843 | E13: =SUMIFS('Streaming Data (2024-2026)'!$F:$F,'Streaming Data (2024-2026)'!$D:$D,$C13,'Streaming Data (2024-2026)'!$E:$E,E$2) -> 224951 | F13: =SUMIFS('Streaming Data (2024-2026)'!$F:$F,'Streaming Data (2024-2026)'!$D:$D,$C13,'Streaming Data (2024-2026)'!$E:$E,F$2) -> 231868 | G13: =SUMIFS('Streaming Data (2024-2026)'!$F:$F,'Streaming Data (2024-2026)'!$D:$D,$C13,'Streaming Data (2024-2026)'!$E:$E,G$2) -> 238576 | H13: =SUMIFS('Streaming Data (2024-2026)'!$F:$F,'Streaming Data (2024-2026)'!$D:$D,$C13,'Streaming Data (2024-2026)'!$E:$E,H$2) -> 245041 | I13: =SUMIFS('Streaming Data (2024-2026)'!$F:$F,'Streaming Data (2024-2026)'!$D:$D,$C13,'Streaming Data (2024-2026)'!$E:$E,I$2) -> 251255 | J13: =SUMIFS('Streaming Data (2024-2026)'!$F:$F,'Streaming Data (2024-2026)'!$D:$D,$C13,'Streaming Data (2024-2026)'!$E:$E,J$2) -> 257555 | L13: =IFERROR((E13-D13)/D13,0) -> 0.02791042 | M13: =IFERROR((F13-E13)/E13,0) -> 0.030748919 | N13: =IFERROR((G13-F13)/F13,0) -> 0.028930253 | O13: =IFERROR((H13-G13)/G13,0) -> 0.027098283 | P13: =IFERROR((I13-H13)/H13,0) -> 0.025359022 | Q13: =IFERROR((J13-I13)/I13,0) -> 0.025074128 | R13: =IFERROR((J13-D13)/D13,0) -> 0.17689394 | S13: =IFERROR((J13/D13)^(1/6)-1,0) -> 0.027518274
B14: =RANK(S14,$S$5:$S$24,0) -> 10 | C14: Kelvin Momo | D14: =SUMIFS('Streaming Data (2024-2026)'!$F:$F,'Streaming Data (2024-2026)'!$D:$D,$C14,'Streaming Data (2024-2026)'!$E:$E,D$2) -> 4029785 | E14: =SUMIFS('Streaming Data (2024-2026)'!$F:$F,'Streaming Data (2024-2026)'!$D:$D,$C14,'Streaming Data (2024-2026)'!$E:$E,E$2) -> 4172483 | F14: =SUMIFS('Streaming Data (2024-2026)'!$F:$F,'Streaming Data (2024-2026)'!$D:$D,$C14,'Streaming Data (2024-2026)'!$E:$E,F$2) -> 4260375 | G14: =SUMIFS('Streaming Data (2024-2026)'!$F:$F,'Streaming Data (2024-2026)'!$D:$D,$C14,'Streaming Data (2024-2026)'!$E:$E,G$2) -> 4363075 | H14: =SUMIFS('Streaming Data (2024-2026)'!$F:$F,'Streaming Data (2024-2026)'!$D:$D,$C14,'Streaming Data (2024-2026)'!$E:$E,H$2) -> 4455569 | I14: =SUMIFS('Streaming Data (2024-2026)'!$F:$F,'Streaming Data (2024-2026)'!$D:$D,$C14,'Streaming Data (2024-2026)'!$E:$E,I$2) -> 4576550 | J14: =SUMIFS('Streaming Data (2024-2026)'!$F:$F,'Streaming Data (2024-2026)'!$D:$D,$C14,'Streaming Data (2024-2026)'!$E:$E,J$2) -> 4665879 | L14: =IFERROR((E14-D14)/D14,0) -> 0.035410822 | M14: =IFERROR((F14-E14)/E14,0) -> 0.021064675 | N14: =IFERROR((G14-F14)/F14,0) -> 0.024105859 | O14: =IFERROR((H14-G14)/G14,0) -> 0.021199269 | P14: =IFERROR((I14-H14)/H14,0) -> 0.027152761 | Q14: =IFERROR((J14-I14)/I14,0) -> 0.019518852 | R14: =IFERROR((J14-D14)/D14,0) -> 0.15784812 | S14: =IFERROR((J14/D14)^(1/6)-1,0) -> 0.024727991
B15: =RANK(S15,$S$5:$S$24,0) -> 11 | C15: Justin99 | D15: =SUMIFS('Streaming Data (2024-2026)'!$F:$F,'Streaming Data (2024-2026)'!$D:$D,$C15,'Streaming Data (2024-2026)'!$E:$E,D$2) -> 380917 | E15: =SUMIFS('Streaming Data (2024-2026)'!$F:$F,'Streaming Data (2024-2026)'!$D:$D,$C15,'Streaming Data (2024-2026)'!$E:$E,E$2) -> 390958 | F15: =SUMIFS('Streaming Data (2024-2026)'!$F:$F,'Streaming Data (2024-2026)'!$D:$D,$C15,'Streaming Data (2024-2026)'!$E:$E,F$2) -> 400558 | G15: =SUMIFS('Streaming Data (2024-2026)'!$F:$F,'Streaming Data (2024-2026)'!$D:$D,$C15,'Streaming Data (2024-2026)'!$E:$E,G$2) -> 413161 | H15: =SUMIFS('Streaming Data (2024-2026)'!$F:$F,'Streaming Data (2024-2026)'!$D:$D,$C15,'Streaming Data (2024-2026)'!$E:$E,H$2) -> 420847 | I15: =SUMIFS('Streaming Data (2024-2026)'!$F:$F,'Streaming Data (2024-2026)'!$D:$D,$C15,'Streaming Data (2024-2026)'!$E:$E,I$2) -> 427745 | J15: =SUMIFS('Streaming Data (2024-2026)'!$F:$F,'Streaming Data (2024-2026)'!$D:$D,$C15,'Streaming Data (2024-2026)'!$E:$E,J$2) -> 439293 | L15: =IFERROR((E15-D15)/D15,0) -> 0.026360073 | M15: =IFERROR((F15-E15)/E15,0) -> 0.024555067 | N15: =IFERROR((G15-F15)/F15,0) -> 0.031463608 | O15: =IFERROR((H15-G15)/G15,0) -> 0.018602918 | P15: =IFERROR((I15-H15)/H15,0) -> 0.016390755 | Q15: =IFERROR((J15-I15)/I15,0) -> 0.026997393 | R15: =IFERROR((J15-D15)/D15,0) -> 0.15325123 | S15: =IFERROR((J15/D15)^(1/6)-1,0) -> 0.024048804
B16: =RANK(S16,$S$5:$S$24,0) -> 12 | C16: DJ Maphorisa | D16: =SUMIFS('Streaming Data (2024-2026)'!$F:$F,'Streaming Data (2024-2026)'!$D:$D,$C16,'Streaming Data (2024-2026)'!$E:$E,D$2) -> 3870585 | E16: =SUMIFS('Streaming Data (2024-2026)'!$F:$F,'Streaming Data (2024-2026)'!$D:$D,$C16,'Streaming Data (2024-2026)'!$E:$E,E$2) -> 3977462 | F16: =SUMIFS('Streaming Data (2024-2026)'!$F:$F,'Streaming Data (2024-2026)'!$D:$D,$C16,'Streaming Data (2024-2026)'!$E:$E,F$2) -> 4056869 | G16: =SUMIFS('Streaming Data (2024-2026)'!$F:$F,'Streaming Data (2024-2026)'!$D:$D,$C16,'Streaming Data (2024-2026)'!$E:$E,G$2) -> 4198055 | H16: =SUMIFS('Streaming Data (2024-2026)'!$F:$F,'Streaming Data (2024-2026)'!$D:$D,$C16,'Streaming Data (2024-2026)'!$E:$E,H$2) -> 4286302 | I16: =SUMIFS('Streaming Data (2024-2026)'!$F:$F,'Streaming Data (2024-2026)'!$D:$D,$C16,'Streaming Data (2024-2026)'!$E:$E,I$2) -> 4381160 | J16: =SUMIFS('Streaming Data (2024-2026)'!$F:$F,'Streaming Data (2024-2026)'!$D:$D,$C16,'Streaming Data (2024-2026)'!$E:$E,J$2) -> 4456656 | L16: =IFERROR((E16-D16)/D16,0) -> 0.027612622 | M16: =IFERROR((F16-E16)/E16,0) -> 0.019964239 | N16: =IFERROR((G16-F16)/F16,0) -> 0.034801715 | O16: =IFERROR((H16-G16)/G16,0) -> 0.021020925 | P16: =IFERROR((I16-H16)/H16,0) -> 0.022130499 | Q16: =IFERROR((J16-I16)/I16,0) -> 0.017231966 | R16: =IFERROR((J16-D16)/D16,0) -> 0.15141665 | S16: =IFERROR((J16/D16)^(1/6)-1,0) -> 0.023777115
B17: =RANK(S17,$S$5:$S$24,0) -> 13 | C17: Focalistic | D17: =SUMIFS('Streaming Data (2024-2026)'!$F:$F,'Streaming Data (2024-2026)'!$D:$D,$C17,'Streaming Data (2024-2026)'!$E:$E,D$2) -> 1400205 | E17: =SUMIFS('Streaming Data (2024-2026)'!$F:$F,'Streaming Data (2024-2026)'!$D:$D,$C17,'Streaming Data (2024-2026)'!$E:$E,E$2) -> 1434595 | F17: =SUMIFS('Streaming Data (2024-2026)'!$F:$F,'Streaming Data (2024-2026)'!$D:$D,$C17,'Streaming Data (2024-2026)'!$E:$E,F$2) -> 1458170 | G17: =SUMIFS('Streaming Data (2024-2026)'!$F:$F,'Streaming Data (2024-2026)'!$D:$D,$C17,'Streaming Data (2024-2026)'!$E:$E,G$2) -> 1496051 | H17: =SUMIFS('Streaming Data (2024-2026)'!$F:$F,'Streaming Data (2024-2026)'!$D:$D,$C17,'Streaming Data (2024-2026)'!$E:$E,H$2) -> 1522286 | I17: =SUMIFS('Streaming Data (2024-2026)'!$F:$F,'Streaming Data (2024-2026)'!$D:$D,$C17,'Streaming Data (2024-2026)'!$E:$E,I$2) -> 1549038 | J17: =SUMIFS('Streaming Data (2024-2026)'!$F:$F,'Streaming Data (2024-2026)'!$D:$D,$C17,'Streaming Data (2024-2026)'!$E:$E,J$2) -> 1570243 | L17: =IFERROR((E17-D17)/D17,0) -> 0.024560689 | M17: =IFERROR((F17-E17)/E17,0) -> 0.016433209 | N17: =IFERROR((G17-F17)/F17,0) -> 0.025978452 | O17: =IFERROR((H17-G17)/G17,0) -> 0.017536167 | P17: =IFERROR((I17-H17)/H17,0) -> 0.01757357 | Q17: =IFERROR((J17-I17)/I17,0) -> 0.013689141 | R17: =IFERROR((J17-D17)/D17,0) -> 0.12143793 | S17: =IFERROR((J17/D17)^(1/6)-1,0) -> 0.019285565
B18: =RANK(S18,$S$5:$S$24,0) -> 14 | C18: Kabza De Small | D18: =SUMIFS('Streaming Data (2024-2026)'!$F:$F,'Streaming Data (2024-2026)'!$D:$D,$C18,'Streaming Data (2024-2026)'!$E:$E,D$2) -> 7063221 | E18: =SUMIFS('Streaming Data (2024-2026)'!$F:$F,'Streaming Data (2024-2026)'!$D:$D,$C18,'Streaming Data (2024-2026)'!$E:$E,E$2) -> 7196912 | F18: =SUMIFS('Streaming Data (2024-2026)'!$F:$F,'Streaming Data (2024-2026)'!$D:$D,$C18,'Streaming Data (2024-2026)'!$E:$E,F$2) -> 7334070 | G18: =SUMIFS('Streaming Data (2024-2026)'!$F:$F,'Streaming Data (2024-2026)'!$D:$D,$C18,'Streaming Data (2024-2026)'!$E:$E,G$2) -> 7520172 | H18: =SUMIFS('Streaming Data (2024-2026)'!$F:$F,'Streaming Data (2024-2026)'!$D:$D,$C18,'Streaming Data (2024-2026)'!$E:$E,H$2) -> 7646607 | I18: =SUMIFS('Streaming Data (2024-2026)'!$F:$F,'Streaming Data (2024-2026)'!$D:$D,$C18,'Streaming Data (2024-2026)'!$E:$E,I$2) -> 7781089 | J18: =SUMIFS('Streaming Data (2024-2026)'!$F:$F,'Streaming Data (2024-2026)'!$D:$D,$C18,'Streaming Data (2024-2026)'!$E:$E,J$2) -> 7903606 | L18: =IFERROR((E18-D18)/D18,0) -> 0.018927767 | M18: =IFERROR((F18-E18)/E18,0) -> 0.019057896 | N18: =IFERROR((G18-F18)/F18,0) -> 0.025374996 | O18: =IFERROR((H18-G18)/G18,0) -> 0.01681278 | P18: =IFERROR((I18-H18)/H18,0) -> 0.017587147 | Q18: =IFERROR((J18-I18)/I18,0) -> 0.015745482 | R18: =IFERROR((J18-D18)/D18,0) -> 0.11898042 | S18: =IFERROR((J18/D18)^(1/6)-1,0) -> 0.018912948
B19: =RANK(S19,$S$5:$S$24,0) -> 15 | C19: Vigro Deep | D19: =SUMIFS('Streaming Data (2024-2026)'!$F:$F,'Streaming Data (2024-2026)'!$D:$D,$C19,'Streaming Data (2024-2026)'!$E:$E,D$2) -> 872089 | E19: =SUMIFS('Streaming Data (2024-2026)'!$F:$F,'Streaming Data (2024-2026)'!$D:$D,$C19,'Streaming Data (2024-2026)'!$E:$E,E$2) -> 884558 | F19: =SUMIFS('Streaming Data (2024-2026)'!$F:$F,'Streaming Data (2024-2026)'!$D:$D,$C19,'Streaming Data (2024-2026)'!$E:$E,F$2) -> 896523 | G19: =SUMIFS('Streaming Data (2024-2026)'!$F:$F,'Streaming Data (2024-2026)'!$D:$D,$C19,'Streaming Data (2024-2026)'!$E:$E,G$2) -> 909181 | H19: =SUMIFS('Streaming Data (2024-2026)'!$F:$F,'Streaming Data (2024-2026)'!$D:$D,$C19,'Streaming Data (2024-2026)'!$E:$E,H$2) -> 920569 | I19: =SUMIFS('Streaming Data (2024-2026)'!$F:$F,'Streaming Data (2024-2026)'!$D:$D,$C19,'Streaming Data (2024-2026)'!$E:$E,I$2) -> 927595 | J19: =SUMIFS('Streaming Data (2024-2026)'!$F:$F,'Streaming Data (2024-2026)'!$D:$D,$C19,'Streaming Data (2024-2026)'!$E:$E,J$2) -> 934958 | L19: =IFERROR((E19-D19)/D19,0) -> 0.014297853 | M19: =IFERROR((F19-E19)/E19,0) -> 0.01352653 | N19: =IFERROR((G19-F19)/F19,0) -> 0.014118991 | O19: =IFERROR((H19-G19)/G19,0) -> 0.012525559 | P19: =IFERROR((I19-H19)/H19,0) -> 0.0076322361 | Q19: =IFERROR((J19-I19)/I19,0) -> 0.0079377314 | R19: =IFERROR((J19-D19)/D19,0) -> 0.072090119 | S19: =IFERROR((J19/D19)^(1/6)-1,0) -> 0.011669248
B20: =RANK(S20,$S$5:$S$24,0) -> 16 | C20: Uncle Waffles | D20: =SUMIFS('Streaming Data (2024-2026)'!$F:$F,'Streaming Data (2024-2026)'!$D:$D,$C20,'Streaming Data (2024-2026)'!$E:$E,D$2) -> 1513944 | E20: =SUMIFS('Streaming Data (2024-2026)'!$F:$F,'Streaming Data (2024-2026)'!$D:$D,$C20,'Streaming Data (2024-2026)'!$E:$E,E$2) -> 1530185 | F20: =SUMIFS('Streaming Data (2024-2026)'!$F:$F,'Streaming Data (2024-2026)'!$D:$D,$C20,'Streaming Data (2024-2026)'!$E:$E,F$2) -> 1545126 | G20: =SUMIFS('Streaming Data (2024-2026)'!$F:$F,'Streaming Data (2024-2026)'!$D:$D,$C20,'Streaming Data (2024-2026)'!$E:$E,G$2) -> 1554430 | H20: =SUMIFS('Streaming Data (2024-2026)'!$F:$F,'Streaming Data (2024-2026)'!$D:$D,$C20,'Streaming Data (2024-2026)'!$E:$E,H$2) -> 1568406 | I20: =SUMIFS('Streaming Data (2024-2026)'!$F:$F,'Streaming Data (2024-2026)'!$D:$D,$C20,'Streaming Data (2024-2026)'!$E:$E,I$2) -> 1581619 | J20: =SUMIFS('Streaming Data (2024-2026)'!$F:$F,'Streaming Data (2024-2026)'!$D:$D,$C20,'Streaming Data (2024-2026)'!$E:$E,J$2) -> 1600525 | L20: =IFERROR((E20-D20)/D20,0) -> 0.010727609 | M20: =IFERROR((F20-E20)/E20,0) -> 0.0097641788 | N20: =IFERROR((G20-F20)/F20,0) -> 0.0060215154 | O20: =IFERROR((H20-G20)/G20,0) -> 0.0089910771 | P20: =IFERROR((I20-H20)/H20,0) -> 0.0084244768 | Q20: =IFERROR((J20-I20)/I20,0) -> 0.011953574 | R20: =IFERROR((J20-D20)/D20,0) -> 0.057189037 | S20: =IFERROR((J20/D20)^(1/6)-1,0) -> 0.0093120119
... B24: =RANK(S24,$S$5:$S$24,0) -> 20 | C24: Tyler ICU | D24: =SUMIFS('Streaming Data (2024-2026)'!$F:$F,'Streaming Data (2024-2026)'!$D:$D,$C24,'Streaming Data (2024-2026)'!$E:$E,D$2) -> 1516676 | E24: =SUMIFS('Streaming Data (2024-2026)'!$F:$F,'Streaming Data (2024-2026)'!$D:$D,$C24,'Streaming Data (2024-2026)'!$E:$E,E$2) -> 1523261 | F24: =SUMIFS('Streaming Data (2024-2026)'!$F:$F,'Streaming Data (2024-2026)'!$D:$D,$C24,'Streaming Data (2024-2026)'!$E:$E,F$2) -> 1529394 | G24: =SUMIFS('Streaming Data (2024-2026)'!$F:$F,'Streaming Data (2024-2026)'!$D:$D,$C24,'Streaming Data (2024-2026)'!$E:$E,G$2) -> 1534806 | H24: =SUMIFS('Streaming Data (2024-2026)'!$F:$F,'Streaming Data (2024-2026)'!$D:$D,$C24,'Streaming Data (2024-2026)'!$E:$E,H$2) -> 1540959 | I24: =SUMIFS('Streaming Data (2024-2026)'!$F:$F,'Streaming Data (2024-2026)'!$D:$D,$C24,'Streaming Data (2024-2026)'!$E:$E,I$2) -> 1545812 | J24: =SUMIFS('Streaming Data (2024-2026)'!$F:$F,'Streaming Data (2024-2026)'!$D:$D,$C24,'Streaming Data (2024-2026)'!$E:$E,J$2) -> 1550966 | L24: =IFERROR((E24-D24)/D24,0) -> 0.0043417315 | M24: =IFERROR((F24-E24)/E24,0) -> 0.0040262306 | N24: =IFERROR((G24-F24)/F24,0) -> 0.0035386565 | O24: =IFERROR((H24-G24)/G24,0) -> 0.0040089757 | P24: =IFERROR((I24-H24)/H24,0) -> 0.0031493375 | Q24: =IFERROR((J24-I24)/I24,0) -> 0.00333417 | R24: =IFERROR((J24-D24)/D24,0) -> 0.022608652 | S24: =IFERROR((J24/D24)^(1/6)-1,0) -> 0.0037330948
D27: Total Streams | L27: Stream Growth Analysis
C28: Artist | D28: January | E28: Feburary | F28: March | G28: April | H28: May | I28: June | J28: July | L28: Jan-Feb | M28: Feb-Mar | N28: Mar-Apr | O28: Apr-May | P28: May-Jun | Q28: Jun-July | R28: Jan-July | S28: Avg. Growth Rate
B29: =RANK(S29,$S$29:$S$48,0) -> 1 | C29: TxC | D29: =SUMIFS('Streaming Data (2024-2026)'!$H:$H,'Streaming Data (2024-2026)'!$D:$D,$C29,'Streaming Data (2024-2026)'!$E:$E,D$2) -> 52214259 | E29: =SUMIFS('Streaming Data (2024-2026)'!$H:$H,'Streaming Data (2024-2026)'!$D:$D,$C29,'Streaming Data (2024-2026)'!$E:$E,E$2) -> 62952885 | F29: =SUMIFS('Streaming Data (2024-2026)'!$H:$H,'Streaming Data (2024-2026)'!$D:$D,$C29,'Streaming Data (2024-2026)'!$E:$E,F$2) -> 70231805 | G29: =SUMIFS('Streaming Data (2024-2026)'!$H:$H,'Streaming Data (2024-2026)'!$D:$D,$C29,'Streaming Data (2024-2026)'!$E:$E,G$2) -> 77395057 | H29: =SUMIFS('Streaming Data (2024-2026)'!$H:$H,'Streaming Data (2024-2026)'!$D:$D,$C29,'Streaming Data (2024-2026)'!$E:$E,H$2) -> 84564458 | I29: =SUMIFS('Streaming Data (2024-2026)'!$H:$H,'Streaming Data (2024-2026)'!$D:$D,$C29,'Streaming Data (2024-2026)'!$E:$E,I$2) -> 91366745 | J29: =SUMIFS('Streaming Data (2024-2026)'!$H:$H,'Streaming Data (2024-2026)'!$D:$D,$C29,'Streaming Data (2024-2026)'!$E:$E,J$2) -> 97973981 | L29: =IFERROR((E29-D29)/D29,0) -> 0.20566463 | M29: =IFERROR((F29-E29)/E29,0) -> 0.11562488 | N29: =IFERROR((G29-F29)/F29,0) -> 0.10199442 | O29: =IFERROR((H29-G29)/G29,0) -> 0.092633836 | P29: =IFERROR((I29-H29)/H29,0) -> 0.080439078 | Q29: =IFERROR((J29-I29)/I29,0) -> 0.072315545 | R29: =IFERROR((J29-D29)/D29,0) -> 0.87638363 | S29: =IFERROR((J29/D29)^(1/6)-1,0) -> 0.11058961
B30: =RANK(S30,$S$29:$S$48,0) -> 2 | C30: Thatohatsi | D30: =SUMIFS('Streaming Data (2024-2026)'!$H:$H,'Streaming Data (2024-2026)'!$D:$D,$C30,'Streaming Data (2024-2026)'!$E:$E,D$2) -> 135038316 | E30: =SUMIFS('Streaming Data (2024-2026)'!$H:$H,'Streaming Data (2024-2026)'!$D:$D,$C30,'Streaming Data (2024-2026)'!$E:$E,E$2) -> 151856104 | F30: =SUMIFS('Streaming Data (2024-2026)'!$H:$H,'Streaming Data (2024-2026)'!$D:$D,$C30,'Streaming Data (2024-2026)'!$E:$E,F$2) -> 166782156 | G30: =SUMIFS('Streaming Data (2024-2026)'!$H:$H,'Streaming Data (2024-2026)'!$D:$D,$C30,'Streaming Data (2024-2026)'!$E:$E,G$2) -> 183620456 | H30: =SUMIFS('Streaming Data (2024-2026)'!$H:$H,'Streaming Data (2024-2026)'!$D:$D,$C30,'Streaming Data (2024-2026)'!$E:$E,H$2) -> 199470478 | I30: =SUMIFS('Streaming Data (2024-2026)'!$H:$H,'Streaming Data (2024-2026)'!$D:$D,$C30,'Streaming Data (2024-2026)'!$E:$E,I$2) -> 216330865 | J30: =SUMIFS('Streaming Data (2024-2026)'!$H:$H,'Streaming Data (2024-2026)'!$D:$D,$C30,'Streaming Data (2024-2026)'!$E:$E,J$2) -> 232932135 | L30: =IFERROR((E30-D30)/D30,0) -> 0.12454086 | M30: =IFERROR((F30-E30)/E30,0) -> 0.098290761 | N30: =IFERROR((G30-F30)/F30,0) -> 0.10095984 | O30: =IFERROR((H30-G30)/G30,0) -> 0.086319478 | P30: =IFERROR((I30-H30)/H30,0) -> 0.084525726 | Q30: =IFERROR((J30-I30)/I30,0) -> 0.076740182 | R30: =IFERROR((J30-D30)/D30,0) -> 0.72493365 | S30: =IFERROR((J30/D30)^(1/6)-1,0) -> 0.095120896
B31: =RANK(S31,$S$29:$S$48,0) -> 3 | C31: Uncool MC | D31: =SUMIFS('Streaming Data (2024-2026)'!$H:$H,'Streaming Data (2024-2026)'!$D:$D,$C31,'Streaming Data (2024-2026)'!$E:$E,D$2) -> 96530586 | E31: =SUMIFS('Streaming Data (2024-2026)'!$H:$H,'Streaming Data (2024-2026)'!$D:$D,$C31,'Streaming Data (2024-2026)'!$E:$E,E$2) -> 107734574 | F31: =SUMIFS('Streaming Data (2024-2026)'!$H:$H,'Streaming Data (2024-2026)'!$D:$D,$C31,'Streaming Data (2024-2026)'!$E:$E,F$2) -> 117011024 | G31: =SUMIFS('Streaming Data (2024-2026)'!$H:$H,'Streaming Data (2024-2026)'!$D:$D,$C31,'Streaming Data (2024-2026)'!$E:$E,G$2) -> 125420104 | H31: =SUMIFS('Streaming Data (2024-2026)'!$H:$H,'Streaming Data (2024-2026)'!$D:$D,$C31,'Streaming Data (2024-2026)'!$E:$E,H$2) -> 134163100 | I31: =SUMIFS('Streaming Data (2024-2026)'!$H:$H,'Streaming Data (2024-2026)'!$D:$D,$C31,'Streaming Data (2024-2026)'!$E:$E,I$2) -> 142564943 | J31: =SUMIFS('Streaming Data (2024-2026)'!$H:$H,'Streaming Data (2024-2026)'!$D:$D,$C31,'Streaming Data (2024-2026)'!$E:$E,J$2) -> 150174429 | L31: =IFERROR((E31-D31)/D31,0) -> 0.11606671 | M31: =IFERROR((F31-E31)/E31,0) -> 0.086104671 | N31: =IFERROR((G31-F31)/F31,0) -> 0.071865707 | O31: =IFERROR((H31-G31)/G31,0) -> 0.069709685 | P31: =IFERROR((I31-H31)/H31,0) -> 0.062624097 | Q31: =IFERROR((J31-I31)/I31,0) -> 0.053375576 | R31: =IFERROR((J31-D31)/D31,0) -> 0.55571861 | S31: =IFERROR((J31/D31)^(1/6)-1,0) -> 0.076436729
B32: =RANK(S32,$S$29:$S$48,0) -> 4 | C32: Sam Deep | D32: =SUMIFS('Streaming Data (2024-2026)'!$H:$H,'Streaming Data (2024-2026)'!$D:$D,$C32,'Streaming Data (2024-2026)'!$E:$E,D$2) -> 131357231 | E32: =SUMIFS('Streaming Data (2024-2026)'!$H:$H,'Streaming Data (2024-2026)'!$D:$D,$C32,'Streaming Data (2024-2026)'!$E:$E,E$2) -> 144722514 | F32: =SUMIFS('Streaming Data (2024-2026)'!$H:$H,'Streaming Data (2024-2026)'!$D:$D,$C32,'Streaming Data (2024-2026)'!$E:$E,F$2) -> 154651047 | G32: =SUMIFS('Streaming Data (2024-2026)'!$H:$H,'Streaming Data (2024-2026)'!$D:$D,$C32,'Streaming Data (2024-2026)'!$E:$E,G$2) -> 164176944 | H32: =SUMIFS('Streaming Data (2024-2026)'!$H:$H,'Streaming Data (2024-2026)'!$D:$D,$C32,'Streaming Data (2024-2026)'!$E:$E,H$2) -> 172284442 | I32: =SUMIFS('Streaming Data (2024-2026)'!$H:$H,'Streaming Data (2024-2026)'!$D:$D,$C32,'Streaming Data (2024-2026)'!$E:$E,I$2) -> 179414232 | J32: =SUMIFS('Streaming Data (2024-2026)'!$H:$H,'Streaming Data (2024-2026)'!$D:$D,$C32,'Streaming Data (2024-2026)'!$E:$E,J$2) -> 186403596 | L32: =IFERROR((E32-D32)/D32,0) -> 0.1017476 | M32: =IFERROR((F32-E32)/E32,0) -> 0.068603928 | N32: =IFERROR((G32-F32)/F32,0) -> 0.061596072 | O32: =IFERROR((H32-G32)/G32,0) -> 0.049382683 | P32: =IFERROR((I32-H32)/H32,0) -> 0.04138383 | Q32: =IFERROR((J32-I32)/I32,0) -> 0.038956575 | R32: =IFERROR((J32-D32)/D32,0) -> 0.41905851 | S32: =IFERROR((J32/D32)^(1/6)-1,0) -> 0.060067167
B33: =RANK(S33,$S$29:$S$48,0) -> 5 | C33: Scotts Maphuma | D33: =SUMIFS('Streaming Data (2024-2026)'!$H:$H,'Streaming Data (2024-2026)'!$D:$D,$C33,'Streaming Data (2024-2026)'!$E:$E,D$2) -> 345992595 | E33: =SUMIFS('Streaming Data (2024-2026)'!$H:$H,'Streaming Data (2024-2026)'!$D:$D,$C33,'Streaming Data (2024-2026)'!$E:$E,E$2) -> 368485626 | F33: =SUMIFS('Streaming Data (2024-2026)'!$H:$H,'Streaming Data (2024-2026)'!$D:$D,$C33,'Streaming Data (2024-2026)'!$E:$E,F$2) -> 387422055 | G33: =SUMIFS('Streaming Data (2024-2026)'!$H:$H,'Streaming Data (2024-2026)'!$D:$D,$C33,'Streaming Data (2024-2026)'!$E:$E,G$2) -> 406508201 | H33: =SUMIFS('Streaming Data (2024-2026)'!$H:$H,'Streaming Data (2024-2026)'!$D:$D,$C33,'Streaming Data (2024-2026)'!$E:$E,H$2) -> 426326820 | I33: =SUMIFS('Streaming Data (2024-2026)'!$H:$H,'Streaming Data (2024-2026)'!$D:$D,$C33,'Streaming Data (2024-2026)'!$E:$E,I$2) -> 444736661 | J33: =SUMIFS('Streaming Data (2024-2026)'!$H:$H,'Streaming Data (2024-2026)'!$D:$D,$C33,'Streaming Data (2024-2026)'!$E:$E,J$2) -> 461440317 | L33: =IFERROR((E33-D33)/D33,0) -> 0.065010151 | M33: =IFERROR((F33-E33)/E33,0) -> 0.051389872 | N33: =IFERROR((G33-F33)/F33,0) -> 0.04926448 | O33: =IFERROR((H33-G33)/G33,0) -> 0.048753307 | P33: =IFERROR((I33-H33)/H33,0) -> 0.04318246 | Q33: =IFERROR((J33-I33)/I33,0) -> 0.037558532 | R33: =IFERROR((J33-D33)/D33,0) -> 0.33367108 | S33: =IFERROR((J33/D33)^(1/6)-1,0) -> 0.04915935
B34: =RANK(S34,$S$29:$S$48,0) -> 6 | C34: XDuppy | D34: =SUMIFS('Streaming Data (2024-2026)'!$H:$H,'Streaming Data (2024-2026)'!$D:$D,$C34,'Streaming Data (2024-2026)'!$E:$E,D$2) -> 215412886 | E34: =SUMIFS('Streaming Data (2024-2026)'!$H:$H,'Streaming Data (2024-2026)'!$D:$D,$C34,'Streaming Data (2024-2026)'!$E:$E,E$2) -> 226990576 | F34: =SUMIFS('Streaming Data (2024-2026)'!$H:$H,'Streaming Data (2024-2026)'!$D:$D,$C34,'Streaming Data (2024-2026)'!$E:$E,F$2) -> 237634529 | G34: =SUMIFS('Streaming Data (2024-2026)'!$H:$H,'Streaming Data (2024-2026)'!$D:$D,$C34,'Streaming Data (2024-2026)'!$E:$E,G$2) -> 249037882 | H34: =SUMIFS('Streaming Data (2024-2026)'!$H:$H,'Streaming Data (2024-2026)'!$D:$D,$C34,'Streaming Data (2024-2026)'!$E:$E,H$2) -> 262915560 | I34: =SUMIFS('Streaming Data (2024-2026)'!$H:$H,'Streaming Data (2024-2026)'!$D:$D,$C34,'Streaming Data (2024-2026)'!$E:$E,I$2) -> 275566413 | J34: =SUMIFS('Streaming Data (2024-2026)'!$H:$H,'Streaming Data (2024-2026)'!$D:$D,$C34,'Streaming Data (2024-2026)'!$E:$E,J$2) -> 286537146 | L34: =IFERROR((E34-D34)/D34,0) -> 0.053746506 | M34: =IFERROR((F34-E34)/E34,0) -> 0.046891608 | N34: =IFERROR((G34-F34)/F34,0) -> 0.047986936 | O34: =IFERROR((H34-G34)/G34,0) -> 0.055725169 | P34: =IFERROR((I34-H34)/H34,0) -> 0.048117552 | Q34: =IFERROR((J34-I34)/I34,0) -> 0.039811575 | R34: =IFERROR((J34-D34)/D34,0) -> 0.33017644 | S34: =IFERROR((J34/D34)^(1/6)-1,0) -> 0.048700661
B35: =RANK(S35,$S$29:$S$48,0) -> 7 | C35: Royal Musiq | D35: =SUMIFS('Streaming Data (2024-2026)'!$H:$H,'Streaming Data (2024-2026)'!$D:$D,$C35,'Streaming Data (2024-2026)'!$E:$E,D$2) -> 97691593 | E35: =SUMIFS('Streaming Data (2024-2026)'!$H:$H,'Streaming Data (2024-2026)'!$D:$D,$C35,'Streaming Data (2024-2026)'!$E:$E,E$2) -> 102212601 | F35: =SUMIFS('Streaming Data (2024-2026)'!$H:$H,'Streaming Data (2024-2026)'!$D:$D,$C35,'Streaming Data (2024-2026)'!$E:$E,F$2) -> 107307261 | G35: =SUMIFS('Streaming Data (2024-2026)'!$H:$H,'Streaming Data (2024-2026)'!$D:$D,$C35,'Streaming Data (2024-2026)'!$E:$E,G$2) -> 112363281 | H35: =SUMIFS('Streaming Data (2024-2026)'!$H:$H,'Streaming Data (2024-2026)'!$D:$D,$C35,'Streaming Data (2024-2026)'!$E:$E,H$2) -> 116981530 | I35: =SUMIFS('Streaming Data (2024-2026)'!$H:$H,'Streaming Data (2024-2026)'!$D:$D,$C35,'Streaming Data (2024-2026)'!$E:$E,I$2) -> 122100279 | J35: =SUMIFS('Streaming Data (2024-2026)'!$H:$H,'Streaming Data (2024-2026)'!$D:$D,$C35,'Streaming Data (2024-2026)'!$E:$E,J$2) -> 127213464 | L35: =IFERROR((E35-D35)/D35,0) -> 0.046278373 | M35: =IFERROR((F35-E35)/E35,0) -> 0.049843757 | N35: =IFERROR((G35-F35)/F35,0) -> 0.047117222 | O35: =IFERROR((H35-G35)/G35,0) -> 0.041101052 | P35: =IFERROR((I35-H35)/H35,0) -> 0.043756899 | Q35: =IFERROR((J35-I35)/I35,0) -> 0.041876931 | R35: =IFERROR((J35-D35)/D35,0) -> 0.30219459 | S35: =IFERROR((J35/D35)^(1/6)-1,0) -> 0.044991235
B36: =RANK(S36,$S$29:$S$48,0) -> 8 | C36: Zee Nxumalo | D36: =SUMIFS('Streaming Data (2024-2026)'!$H:$H,'Streaming Data (2024-2026)'!$D:$D,$C36,'Streaming Data (2024-2026)'!$E:$E,D$2) -> 215925503 | E36: =SUMIFS('Streaming Data (2024-2026)'!$H:$H,'Streaming Data (2024-2026)'!$D:$D,$C36,'Streaming Data (2024-2026)'!$E:$E,E$2) -> 228238900 | F36: =SUMIFS('Streaming Data (2024-2026)'!$H:$H,'Streaming Data (2024-2026)'!$D:$D,$C36,'Streaming Data (2024-2026)'!$E:$E,F$2) -> 236607719 | G36: =SUMIFS('Streaming Data (2024-2026)'!$H:$H,'Streaming Data (2024-2026)'!$D:$D,$C36,'Streaming Data (2024-2026)'!$E:$E,G$2) -> 245103082 | H36: =SUMIFS('Streaming Data (2024-2026)'!$H:$H,'Streaming Data (2024-2026)'!$D:$D,$C36,'Streaming Data (2024-2026)'!$E:$E,H$2) -> 254314841 | I36: =SUMIFS('Streaming Data (2024-2026)'!$H:$H,'Streaming Data (2024-2026)'!$D:$D,$C36,'Streaming Data (2024-2026)'!$E:$E,I$2) -> 263362547 | J36: =SUMIFS('Streaming Data (2024-2026)'!$H:$H,'Streaming Data (2024-2026)'!$D:$D,$C36,'Streaming Data (2024-2026)'!$E:$E,J$2) -> 271481212 | L36: =IFERROR((E36-D36)/D36,0) -> 0.057026136 | M36: =IFERROR((F36-E36)/E36,0) -> 0.036666927 | N36: =IFERROR((G36-F36)/F36,0) -> 0.035904843 | O36: =IFERROR((H36-G36)/G36,0) -> 0.037583203 | P36: =IFERROR((I36-H36)/H36,0) -> 0.035576791 | Q36: =IFERROR((J36-I36)/I36,0) -> 0.030826954 | R36: =IFERROR((J36-D36)/D36,0) -> 0.25729109 | S36: =IFERROR((J36/D36)^(1/6)-1,0) -> 0.038897353
B37: =RANK(S37,$S$29:$S$48,0) -> 9 | C37: Focalistic | D37: =SUMIFS('Streaming Data (2024-2026)'!$H:$H,'Streaming Data (2024-2026)'!$D:$D,$C37,'Streaming Data (2024-2026)'!$E:$E,D$2) -> 314763685 | E37: =SUMIFS('Streaming Data (2024-2026)'!$H:$H,'Streaming Data (2024-2026)'!$D:$D,$C37,'Streaming Data (2024-2026)'!$E:$E,E$2) -> 330235886 | F37: =SUMIFS('Streaming Data (2024-2026)'!$H:$H,'Streaming Data (2024-2026)'!$D:$D,$C37,'Streaming Data (2024-2026)'!$E:$E,F$2) -> 341950983 | G37: =SUMIFS('Streaming Data (2024-2026)'!$H:$H,'Streaming Data (2024-2026)'!$D:$D,$C37,'Streaming Data (2024-2026)'!$E:$E,G$2) -> 354162524 | H37: =SUMIFS('Streaming Data (2024-2026)'!$H:$H,'Streaming Data (2024-2026)'!$D:$D,$C37,'Streaming Data (2024-2026)'!$E:$E,H$2) -> 365417834 | I37: =SUMIFS('Streaming Data (2024-2026)'!$H:$H,'Streaming Data (2024-2026)'!$D:$D,$C37,'Streaming Data (2024-2026)'!$E:$E,I$2) -> 376549174 | J37: =SUMIFS('Streaming Data (2024-2026)'!$H:$H,'Streaming Data (2024-2026)'!$D:$D,$C37,'Streaming Data (2024-2026)'!$E:$E,J$2) -> 386216622 | L37: =IFERROR((E37-D37)/D37,0) -> 0.049154975 | M37: =IFERROR((F37-E37)/E37,0) -> 0.035474936 | N37: =IFERROR((G37-F37)/F37,0) -> 0.035711379 | O37: =IFERROR((H37-G37)/G37,0) -> 0.031780071 | P37: =IFERROR((I37-H37)/H37,0) -> 0.030461951 | Q37: =IFERROR((J37-I37)/I37,0) -> 0.0256738 | R37: =IFERROR((J37-D37)/D37,0) -> 0.22700502 | S37: =IFERROR((J37/D37)^(1/6)-1,0) -> 0.034683976
B38: =RANK(S38,$S$29:$S$48,0) -> 10 | C38: Pcee | D38: =SUMIFS('Streaming Data (2024-2026)'!$H:$H,'Streaming Data (2024-2026)'!$D:$D,$C38,'Streaming Data (2024-2026)'!$E:$E,D$2) -> 164203186 | E38: =SUMIFS('Streaming Data (2024-2026)'!$H:$H,'Streaming Data (2024-2026)'!$D:$D,$C38,'Streaming Data (2024-2026)'!$E:$E,E$2) -> 169669448 | F38: =SUMIFS('Streaming Data (2024-2026)'!$H:$H,'Streaming Data (2024-2026)'!$D:$D,$C38,'Streaming Data (2024-2026)'!$E:$E,F$2) -> 176026699 | G38: =SUMIFS('Streaming Data (2024-2026)'!$H:$H,'Streaming Data (2024-2026)'!$D:$D,$C38,'Streaming Data (2024-2026)'!$E:$E,G$2) -> 182990665 | H38: =SUMIFS('Streaming Data (2024-2026)'!$H:$H,'Streaming Data (2024-2026)'!$D:$D,$C38,'Streaming Data (2024-2026)'!$E:$E,H$2) -> 189040180 | I38: =SUMIFS('Streaming Data (2024-2026)'!$H:$H,'Streaming Data (2024-2026)'!$D:$D,$C38,'Streaming Data (2024-2026)'!$E:$E,I$2) -> 194119736 | J38: =SUMIFS('Streaming Data (2024-2026)'!$H:$H,'Streaming Data (2024-2026)'!$D:$D,$C38,'Streaming Data (2024-2026)'!$E:$E,J$2) -> 198570357 | L38: =IFERROR((E38-D38)/D38,0) -> 0.033289622 | M38: =IFERROR((F38-E38)/E38,0) -> 0.037468449 | N38: =IFERROR((G38-F38)/F38,0) -> 0.039561987 | O38: =IFERROR((H38-G38)/G38,0) -> 0.033059145 | P38: =IFERROR((I38-H38)/H38,0) -> 0.026870245 | Q38: =IFERROR((J38-I38)/I38,0) -> 0.022927195 | R38: =IFERROR((J38-D38)/D38,0) -> 0.20929661 | S38: =IFERROR((J38/D38)^(1/6)-1,0) -> 0.032180079
B39: =RANK(S39,$S$29:$S$48,0) -> 11 | C39: Kelvin Momo | D39: =SUMIFS('Streaming Data (2024-2026)'!$H:$H,'Streaming Data (2024-2026)'!$D:$D,$C39,'Streaming Data (2024-2026)'!$E:$E,D$2) -> 519161347 | E39: =SUMIFS('Streaming Data (2024-2026)'!$H:$H,'Streaming Data (2024-2026)'!$D:$D,$C39,'Streaming Data (2024-2026)'!$E:$E,E$2) -> 539788810 | F39: =SUMIFS('Streaming Data (2024-2026)'!$H:$H,'Streaming Data (2024-2026)'!$D:$D,$C39,'Streaming Data (2024-2026)'!$E:$E,F$2) -> 556438091 | G39: =SUMIFS('Streaming Data (2024-2026)'!$H:$H,'Streaming Data (2024-2026)'!$D:$D,$C39,'Streaming Data (2024-2026)'!$E:$E,G$2) -> 574021864 | H39: =SUMIFS('Streaming Data (2024-2026)'!$H:$H,'Streaming Data (2024-2026)'!$D:$D,$C39,'Streaming Data (2024-2026)'!$E:$E,H$2) -> 590156360 | I39: =SUMIFS('Streaming Data (2024-2026)'!$H:$H,'Streaming Data (2024-2026)'!$D:$D,$C39,'Streaming Data (2024-2026)'!$E:$E,I$2) -> 605741469 | J39: =SUMIFS('Streaming Data (2024-2026)'!$H:$H,'Streaming Data (2024-2026)'!$D:$D,$C39,'Streaming Data (2024-2026)'!$E:$E,J$2) -> 620313166 | L39: =IFERROR((E39-D39)/D39,0) -> 0.039732278 | M39: =IFERROR((F39-E39)/E39,0) -> 0.030844065 | N39: =IFERROR((G39-F39)/F39,0) -> 0.031600592 | O39: =IFERROR((H39-G39)/G39,0) -> 0.028107807 | P39: =IFERROR((I39-H39)/H39,0) -> 0.02640844 | Q39: =IFERROR((J39-I39)/I39,0) -> 0.024055967 | R39: =IFERROR((J39-D39)/D39,0) -> 0.19483696 | S39: =IFERROR((J39/D39)^(1/6)-1,0) -> 0.030112779
B40: =RANK(S40,$S$29:$S$48,0) -> 12 | C40: Kabza De Small | D40: =SUMIFS('Streaming Data (2024-2026)'!$H:$H,'Streaming Data (2024-2026)'!$D:$D,$C40,'Streaming Data (2024-2026)'!$E:$E,D$2) -> 985904694 | E40: =SUMIFS('Streaming Data (2024-2026)'!$H:$H,'Streaming Data (2024-2026)'!$D:$D,$C40,'Streaming Data (2024-2026)'!$E:$E,E$2) -> 1012034887 | F40: =SUMIFS('Streaming Data (2024-2026)'!$H:$H,'Streaming Data (2024-2026)'!$D:$D,$C40,'Streaming Data (2024-2026)'!$E:$E,F$2) -> 1034766488 | G40: =SUMIFS('Streaming Data (2024-2026)'!$H:$H,'Streaming Data (2024-2026)'!$D:$D,$C40,'Streaming Data (2024-2026)'!$E:$E,G$2) -> 1062295287 | H40: =SUMIFS('Streaming Data (2024-2026)'!$H:$H,'Streaming Data (2024-2026)'!$D:$D,$C40,'Streaming Data (2024-2026)'!$E:$E,H$2) -> 1087941638 | I40: =SUMIFS('Streaming Data (2024-2026)'!$H:$H,'Streaming Data (2024-2026)'!$D:$D,$C40,'Streaming Data (2024-2026)'!$E:$E,I$2) -> 1121801331 | J40: =SUMIFS('Streaming Data (2024-2026)'!$H:$H,'Streaming Data (2024-2026)'!$D:$D,$C40,'Streaming Data (2024-2026)'!$E:$E,J$2) -> 1148699708 | L40: =IFERROR((E40-D40)/D40,0) -> 0.026503772 | M40: =IFERROR((F40-E40)/E40,0) -> 0.022461282 | N40: =IFERROR((G40-F40)/F40,0) -> 0.026603876 | O40: =IFERROR((H40-G40)/G40,0) -> 0.024142394 | P40: =IFERROR((I40-H40)/H40,0) -> 0.031122711 | Q40: =IFERROR((J40-I40)/I40,0) -> 0.023977844 | R40: =IFERROR((J40-D40)/D40,0) -> 0.16512247 | S40: =IFERROR((J40/D40)^(1/6)-1,0) -> 0.025798192
... B48: =RANK(S48,$S$29:$S$48,0) -> 20 | C48: Daliwonga | D48: =SUMIFS('Streaming Data (2024-2026)'!$H:$H,'Streaming Data (2024-2026)'!$D:$D,$C48,'Streaming Data (2024-2026)'!$E:$E,D$2) -> 192145312 | E48: =SUMIFS('Streaming Data (2024-2026)'!$H:$H,'Streaming Data (2024-2026)'!$D:$D,$C48,'Streaming Data (2024-2026)'!$E:$E,E$2) -> 195262250 | F48: =SUMIFS('Streaming Data (2024-2026)'!$H:$H,'Streaming Data (2024-2026)'!$D:$D,$C48,'Streaming Data (2024-2026)'!$E:$E,F$2) -> 197745297 | G48: =SUMIFS('Streaming Data (2024-2026)'!$H:$H,'Streaming Data (2024-2026)'!$D:$D,$C48,'Streaming Data (2024-2026)'!$E:$E,G$2) -> 200702670 | H48: =SUMIFS('Streaming Data (2024-2026)'!$H:$H,'Streaming Data (2024-2026)'!$D:$D,$C48,'Streaming Data (2024-2026)'!$E:$E,H$2) -> 203642243 | I48: =SUMIFS('Streaming Data (2024-2026)'!$H:$H,'Streaming Data (2024-2026)'!$D:$D,$C48,'Streaming Data (2024-2026)'!$E:$E,I$2) -> 206580651 | J48: =SUMIFS('Streaming Data (2024-2026)'!$H:$H,'Streaming Data (2024-2026)'!$D:$D,$C48,'Streaming Data (2024-2026)'!$E:$E,J$2) -> 209221098 | L48: =IFERROR((E48-D48)/D48,0) -> 0.016221775 | M48: =IFERROR((F48-E48)/E48,0) -> 0.012716472 | N48: =IFERROR((G48-F48)/F48,0) -> 0.014955466 | O48: =IFERROR((H48-G48)/G48,0) -> 0.014646407 | P48: =IFERROR((I48-H48)/H48,0) -> 0.014429266 | Q48: =IFERROR((J48-I48)/I48,0) -> 0.012781676 | R48: =IFERROR((J48-D48)/D48,0) -> 0.088869126 | S48: =IFERROR((J48/D48)^(1/6)-1,0) -> 0.014291098
C51: Total Monthly Listeners | L51: Growth Analysis
C52: Artist | D52: January | E52: Feburary | F52: March | G52: April | H52: May | I52: June | J52: July | L52: Jan-Feb | M52: Feb-Mar | N52: Mar-Apr | O52: Apr-May | P52: May-Jun | Q52: Jun-July | R52: Jan-July | S52: Avg. Growth Rate
B53: =RANK(S53,$S$53:$S$72,0) -> 1 | C53: Thatohatsi | D53: =SUMIFS('Streaming Data (2024-2026)'!$J:$J,'Streaming Data (2024-2026)'!$D:$D,$C53,'Streaming Data (2024-2026)'!$E:$E,D$2) -> 1348153 | E53: =SUMIFS('Streaming Data (2024-2026)'!$J:$J,'Streaming Data (2024-2026)'!$D:$D,$C53,'Streaming Data (2024-2026)'!$E:$E,E$2) -> 1470717 | F53: =SUMIFS('Streaming Data (2024-2026)'!$J:$J,'Streaming Data (2024-2026)'!$D:$D,$C53,'Streaming Data (2024-2026)'!$E:$E,F$2) -> 1684019 | G53: =SUMIFS('Streaming Data (2024-2026)'!$J:$J,'Streaming Data (2024-2026)'!$D:$D,$C53,'Streaming Data (2024-2026)'!$E:$E,G$2) -> 1899143 | H53: =SUMIFS('Streaming Data (2024-2026)'!$J:$J,'Streaming Data (2024-2026)'!$D:$D,$C53,'Streaming Data (2024-2026)'!$E:$E,H$2) -> 1865425 | I53: =SUMIFS('Streaming Data (2024-2026)'!$J:$J,'Streaming Data (2024-2026)'!$D:$D,$C53,'Streaming Data (2024-2026)'!$E:$E,I$2) -> 2046776 | J53: =SUMIFS('Streaming Data (2024-2026)'!$J:$J,'Streaming Data (2024-2026)'!$D:$D,$C53,'Streaming Data (2024-2026)'!$E:$E,J$2) -> 2064828 | L53: =IFERROR((E53-D53)/D53,0) -> 0.09091253 | M53: =IFERROR((F53-E53)/E53,0) -> 0.14503266 | N53: =IFERROR((G53-F53)/F53,0) -> 0.1277444 | O53: =IFERROR((H53-G53)/G53,0) -> -0.017754324 | P53: =IFERROR((I53-H53)/H53,0) -> 0.097216988 | Q53: =IFERROR((J53-I53)/I53,0) -> 0.0088197243 | R53: =IFERROR((J53-D53)/D53,0) -> 0.53159767 | S53: =IFERROR((J53/D53)^(1/6)-1,0) -> 0.07363695
B54: =RANK(S54,$S$53:$S$72,0) -> 2 | C54: Justin99 | D54: =SUMIFS('Streaming Data (2024-2026)'!$J:$J,'Streaming Data (2024-2026)'!$D:$D,$C54,'Streaming Data (2024-2026)'!$E:$E,D$2) -> 691422 | E54: =SUMIFS('Streaming Data (2024-2026)'!$J:$J,'Streaming Data (2024-2026)'!$D:$D,$C54,'Streaming Data (2024-2026)'!$E:$E,E$2) -> 652634 | F54: =SUMIFS('Streaming Data (2024-2026)'!$J:$J,'Streaming Data (2024-2026)'!$D:$D,$C54,'Streaming Data (2024-2026)'!$E:$E,F$2) -> 615577 | G54: =SUMIFS('Streaming Data (2024-2026)'!$J:$J,'Streaming Data (2024-2026)'!$D:$D,$C54,'Streaming Data (2024-2026)'!$E:$E,G$2) -> 690350 | H54: =SUMIFS('Streaming Data (2024-2026)'!$J:$J,'Streaming Data (2024-2026)'!$D:$D,$C54,'Streaming Data (2024-2026)'!$E:$E,H$2) -> 719798 | I54: =SUMIFS('Streaming Data (2024-2026)'!$J:$J,'Streaming Data (2024-2026)'!$D:$D,$C54,'Streaming Data (2024-2026)'!$E:$E,I$2) -> 610897 | J54: =SUMIFS('Streaming Data (2024-2026)'!$J:$J,'Streaming Data (2024-2026)'!$D:$D,$C54,'Streaming Data (2024-2026)'!$E:$E,J$2) -> 785092 | L54: =IFERROR((E54-D54)/D54,0) -> -0.05609888 | M54: =IFERROR((F54-E54)/E54,0) -> -0.056780676 | N54: =IFERROR((G54-F54)/F54,0) -> 0.12146815 | O54: =IFERROR((H54-G54)/G54,0) -> 0.042656623 | P54: =IFERROR((I54-H54)/H54,0) -> -0.15129384 | Q54: =IFERROR((J54-I54)/I54,0) -> 0.28514627 | R54: =IFERROR((J54-D54)/D54,0) -> 0.13547443 | S54: =IFERROR((J54/D54)^(1/6)-1,0) -> 0.021400877
B55: =RANK(S55,$S$53:$S$72,0) -> 3 | C55: Uncool MC | D55: =SUMIFS('Streaming Data (2024-2026)'!$J:$J,'Streaming Data (2024-2026)'!$D:$D,$C55,'Streaming Data (2024-2026)'!$E:$E,D$2) -> 1374515 | E55: =SUMIFS('Streaming Data (2024-2026)'!$J:$J,'Streaming Data (2024-2026)'!$D:$D,$C55,'Streaming Data (2024-2026)'!$E:$E,E$2) -> 1030702 | F55: =SUMIFS('Streaming Data (2024-2026)'!$J:$J,'Streaming Data (2024-2026)'!$D:$D,$C55,'Streaming Data (2024-2026)'!$E:$E,F$2) -> 1074352 | G55: =SUMIFS('Streaming Data (2024-2026)'!$J:$J,'Streaming Data (2024-2026)'!$D:$D,$C55,'Streaming Data (2024-2026)'!$E:$E,G$2) -> 878317 | H55: =SUMIFS('Streaming Data (2024-2026)'!$J:$J,'Streaming Data (2024-2026)'!$D:$D,$C55,'Streaming Data (2024-2026)'!$E:$E,H$2) -> 1030054 | I55: =SUMIFS('Streaming Data (2024-2026)'!$J:$J,'Streaming Data (2024-2026)'!$D:$D,$C55,'Streaming Data (2024-2026)'!$E:$E,I$2) -> 1399584 | J55: =SUMIFS('Streaming Data (2024-2026)'!$J:$J,'Streaming Data (2024-2026)'!$D:$D,$C55,'Streaming Data (2024-2026)'!$E:$E,J$2) -> 1514687 | L55: =IFERROR((E55-D55)/D55,0) -> -0.25013405 | M55: =IFERROR((F55-E55)/E55,0) -> 0.042349777 | N55: =IFERROR((G55-F55)/F55,0) -> -0.18246813 | O55: =IFERROR((H55-G55)/G55,0) -> 0.17275881 | P55: =IFERROR((I55-H55)/H55,0) -> 0.35874818 | Q55: =IFERROR((J55-I55)/I55,0) -> 0.082240866 | R55: =IFERROR((J55-D55)/D55,0) -> 0.10197924 | S55: =IFERROR((J55/D55)^(1/6)-1,0) -> 0.016316327
B56: =RANK(S56,$S$53:$S$72,0) -> 4 | C56: Kabza De Small | D56: =SUMIFS('Streaming Data (2024-2026)'!$J:$J,'Streaming Data (2024-2026)'!$D:$D,$C56,'Streaming Data (2024-2026)'!$E:$E,D$2) -> 3678462 | E56: =SUMIFS('Streaming Data (2024-2026)'!$J:$J,'Streaming Data (2024-2026)'!$D:$D,$C56,'Streaming Data (2024-2026)'!$E:$E,E$2) -> 3036334 | F56: =SUMIFS('Streaming Data (2024-2026)'!$J:$J,'Streaming Data (2024-2026)'!$D:$D,$C56,'Streaming Data (2024-2026)'!$E:$E,F$2) -> 3079098 | G56: =SUMIFS('Streaming Data (2024-2026)'!$J:$J,'Streaming Data (2024-2026)'!$D:$D,$C56,'Streaming Data (2024-2026)'!$E:$E,G$2) -> 3267700 | H56: =SUMIFS('Streaming Data (2024-2026)'!$J:$J,'Streaming Data (2024-2026)'!$D:$D,$C56,'Streaming Data (2024-2026)'!$E:$E,H$2) -> 3211035 | I56: =SUMIFS('Streaming Data (2024-2026)'!$J:$J,'Streaming Data (2024-2026)'!$D:$D,$C56,'Streaming Data (2024-2026)'!$E:$E,I$2) -> 4217498 | J56: =SUMIFS('Streaming Data (2024-2026)'!$J:$J,'Streaming Data (2024-2026)'!$D:$D,$C56,'Streaming Data (2024-2026)'!$E:$E,J$2) -> 3831583 | L56: =IFERROR((E56-D56)/D56,0) -> -0.17456426 | M56: =IFERROR((F56-E56)/E56,0) -> 0.01408409 | N56: =IFERROR((G56-F56)/F56,0) -> 0.061252354 | O56: =IFERROR((H56-G56)/G56,0) -> -0.017340943 | P56: =IFERROR((I56-H56)/H56,0) -> 0.31343881 | Q56: =IFERROR((J56-I56)/I56,0) -> -0.091503304 | R56: =IFERROR((J56-D56)/D56,0) -> 0.041626364 | S56: =IFERROR((J56/D56)^(1/6)-1,0) -> 0.0068203708
B57: =RANK(S57,$S$53:$S$72,0) -> 5 | C57: Tyler ICU | D57: =SUMIFS('Streaming Data (2024-2026)'!$J:$J,'Streaming Data (2024-2026)'!$D:$D,$C57,'Streaming Data (2024-2026)'!$E:$E,D$2) -> 2301784 | E57: =SUMIFS('Streaming Data (2024-2026)'!$J:$J,'Streaming Data (2024-2026)'!$D:$D,$C57,'Streaming Data (2024-2026)'!$E:$E,E$2) -> 2345951 | F57: =SUMIFS('Streaming Data (2024-2026)'!$J:$J,'Streaming Data (2024-2026)'!$D:$D,$C57,'Streaming Data (2024-2026)'!$E:$E,F$2) -> 2411212 | G57: =SUMIFS('Streaming Data (2024-2026)'!$J:$J,'Streaming Data (2024-2026)'!$D:$D,$C57,'Streaming Data (2024-2026)'!$E:$E,G$2) -> 2336458 | H57: =SUMIFS('Streaming Data (2024-2026)'!$J:$J,'Streaming Data (2024-2026)'!$D:$D,$C57,'Streaming Data (2024-2026)'!$E:$E,H$2) -> 2338078 | I57: =SUMIFS('Streaming Data (2024-2026)'!$J:$J,'Streaming Data (2024-2026)'!$D:$D,$C57,'Streaming Data (2024-2026)'!$E:$E,I$2) -> 2261035 | J57: =SUMIFS('Streaming Data (2024-2026)'!$J:$J,'Streaming Data (2024-2026)'!$D:$D,$C57,'Streaming Data (2024-2026)'!$E:$E,J$2) -> 2278505 | L57: =IFERROR((E57-D57)/D57,0) -> 0.01918816 | M57: =IFERROR((F57-E57)/E57,0) -> 0.027818569 | N57: =IFERROR((G57-F57)/F57,0) -> -0.031002666 | O57: =IFERROR((H57-G57)/G57,0) -> 0.00069335721 | P57: =IFERROR((I57-H57)/H57,0) -> -0.032951424 | Q57: =IFERROR((J57-I57)/I57,0) -> 0.00772655 | R57: =IFERROR((J57-D57)/D57,0) -> -0.01011346 | S57: =IFERROR((J57/D57)^(1/6)-1,0) -> -0.0016927238
B58: =RANK(S58,$S$53:$S$72,0) -> 6 | C58: TxC | D58: =SUMIFS('Streaming Data (2024-2026)'!$J:$J,'Streaming Data (2024-2026)'!$D:$D,$C58,'Streaming Data (2024-2026)'!$E:$E,D$2) -> 2041035 | E58: =SUMIFS('Streaming Data (2024-2026)'!$J:$J,'Streaming Data (2024-2026)'!$D:$D,$C58,'Streaming Data (2024-2026)'!$E:$E,E$2) -> 2078475 | F58: =SUMIFS('Streaming Data (2024-2026)'!$J:$J,'Streaming Data (2024-2026)'!$D:$D,$C58,'Streaming Data (2024-2026)'!$E:$E,F$2) -> 1886329 | G58: =SUMIFS('Streaming Data (2024-2026)'!$J:$J,'Streaming Data (2024-2026)'!$D:$D,$C58,'Streaming Data (2024-2026)'!$E:$E,G$2) -> 1839114 | H58: =SUMIFS('Streaming Data (2024-2026)'!$J:$J,'Streaming Data (2024-2026)'!$D:$D,$C58,'Streaming Data (2024-2026)'!$E:$E,H$2) -> 1968091 | I58: =SUMIFS('Streaming Data (2024-2026)'!$J:$J,'Streaming Data (2024-2026)'!$D:$D,$C58,'Streaming Data (2024-2026)'!$E:$E,I$2) -> 2006978 | J58: =SUMIFS('Streaming Data (2024-2026)'!$J:$J,'Streaming Data (2024-2026)'!$D:$D,$C58,'Streaming Data (2024-2026)'!$E:$E,J$2) -> 2007099 | L58: =IFERROR((E58-D58)/D58,0) -> 0.018343634 | M58: =IFERROR((F58-E58)/E58,0) -> -0.092445663 | N58: =IFERROR((G58-F58)/F58,0) -> -0.025030098 | O58: =IFERROR((H58-G58)/G58,0) -> 0.070129965 | P58: =IFERROR((I58-H58)/H58,0) -> 0.019758741 | Q58: =IFERROR((J58-I58)/I58,0) -> 6.0289649e-05 | R58: =IFERROR((J58-D58)/D58,0) -> -0.016626858 | S58: =IFERROR((J58/D58)^(1/6)-1,0) -> -0.0027905386
B59: =RANK(S59,$S$53:$S$72,0) -> 7 | C59: Uncle Waffles | D59: =SUMIFS('Streaming Data (2024-2026)'!$J:$J,'Streaming Data (2024-2026)'!$D:$D,$C59,'Streaming Data (2024-2026)'!$E:$E,D$2) -> 1668397 | E59: =SUMIFS('Streaming Data (2024-2026)'!$J:$J,'Streaming Data (2024-2026)'!$D:$D,$C59,'Streaming Data (2024-2026)'!$E:$E,E$2) -> 1358691 | F59: =SUMIFS('Streaming Data (2024-2026)'!$J:$J,'Streaming Data (2024-2026)'!$D:$D,$C59,'Streaming Data (2024-2026)'!$E:$E,F$2) -> 1382195 | G59: =SUMIFS('Streaming Data (2024-2026)'!$J:$J,'Streaming Data (2024-2026)'!$D:$D,$C59,'Streaming Data (2024-2026)'!$E:$E,G$2) -> 1241635 | H59: =SUMIFS('Streaming Data (2024-2026)'!$J:$J,'Streaming Data (2024-2026)'!$D:$D,$C59,'Streaming Data (2024-2026)'!$E:$E,H$2) -> 1326877 | I59: =SUMIFS('Streaming Data (2024-2026)'!$J:$J,'Streaming Data (2024-2026)'!$D:$D,$C59,'Streaming Data (2024-2026)'!$E:$E,I$2) -> 1453953 | J59: =SUMIFS('Streaming Data (2024-2026)'!$J:$J,'Streaming Data (2024-2026)'!$D:$D,$C59,'Streaming Data (2024-2026)'!$E:$E,J$2) -> 1540449 | L59: =IFERROR((E59-D59)/D59,0) -> -0.18563088 | M59: =IFERROR((F59-E59)/E59,0) -> 0.017299003 | N59: =IFERROR((G59-F59)/F59,0) -> -0.10169332 | O59: =IFERROR((H59-G59)/G59,0) -> 0.068653026 | P59: =IFERROR((I59-H59)/H59,0) -> 0.095770746 | Q59: =IFERROR((J59-I59)/I59,0) -> 0.059490231 | R59: =IFERROR((J59-D59)/D59,0) -> -0.076689181 | S59: =IFERROR((J59/D59)^(1/6)-1,0) -> -0.013210195
B60: =RANK(S60,$S$53:$S$72,0) -> 8 | C60: Scotts Maphuma | D60: =SUMIFS('Streaming Data (2024-2026)'!$J:$J,'Streaming Data (2024-2026)'!$D:$D,$C60,'Streaming Data (2024-2026)'!$E:$E,D$2) -> 3107383 | E60: =SUMIFS('Streaming Data (2024-2026)'!$J:$J,'Streaming Data (2024-2026)'!$D:$D,$C60,'Streaming Data (2024-2026)'!$E:$E,E$2) -> 2803160 | F60: =SUMIFS('Streaming Data (2024-2026)'!$J:$J,'Streaming Data (2024-2026)'!$D:$D,$C60,'Streaming Data (2024-2026)'!$E:$E,F$2) -> 2919899 | G60: =SUMIFS('Streaming Data (2024-2026)'!$J:$J,'Streaming Data (2024-2026)'!$D:$D,$C60,'Streaming Data (2024-2026)'!$E:$E,G$2) -> 2981199 | H60: =SUMIFS('Streaming Data (2024-2026)'!$J:$J,'Streaming Data (2024-2026)'!$D:$D,$C60,'Streaming Data (2024-2026)'!$E:$E,H$2) -> 3133097 | I60: =SUMIFS('Streaming Data (2024-2026)'!$J:$J,'Streaming Data (2024-2026)'!$D:$D,$C60,'Streaming Data (2024-2026)'!$E:$E,I$2) -> 2960217 | J60: =SUMIFS('Streaming Data (2024-2026)'!$J:$J,'Streaming Data (2024-2026)'!$D:$D,$C60,'Streaming Data (2024-2026)'!$E:$E,J$2) -> 2828057 | L60: =IFERROR((E60-D60)/D60,0) -> -0.097903284 | M60: =IFERROR((F60-E60)/E60,0) -> 0.0416455 | N60: =IFERROR((G60-F60)/F60,0) -> 0.020993877 | O60: =IFERROR((H60-G60)/G60,0) -> 0.050951983 | P60: =IFERROR((I60-H60)/H60,0) -> -0.05517863 | Q60: =IFERROR((J60-I60)/I60,0) -> -0.044645376 | R60: =IFERROR((J60-D60)/D60,0) -> -0.089891076 | S60: =IFERROR((J60/D60)^(1/6)-1,0) -> -0.015575919
B61: =RANK(S61,$S$53:$S$72,0) -> 9 | C61: Royal Musiq | D61: =SUMIFS('Streaming Data (2024-2026)'!$J:$J,'Streaming Data (2024-2026)'!$D:$D,$C61,'Streaming Data (2024-2026)'!$E:$E,D$2) -> 1836381 | E61: =SUMIFS('Streaming Data (2024-2026)'!$J:$J,'Streaming Data (2024-2026)'!$D:$D,$C61,'Streaming Data (2024-2026)'!$E:$E,E$2) -> 1453762 | F61: =SUMIFS('Streaming Data (2024-2026)'!$J:$J,'Streaming Data (2024-2026)'!$D:$D,$C61,'Streaming Data (2024-2026)'!$E:$E,F$2) -> 1765685 | G61: =SUMIFS('Streaming Data (2024-2026)'!$J:$J,'Streaming Data (2024-2026)'!$D:$D,$C61,'Streaming Data (2024-2026)'!$E:$E,G$2) -> 1692872 | H61: =SUMIFS('Streaming Data (2024-2026)'!$J:$J,'Streaming Data (2024-2026)'!$D:$D,$C61,'Streaming Data (2024-2026)'!$E:$E,H$2) -> 1621631 | I61: =SUMIFS('Streaming Data (2024-2026)'!$J:$J,'Streaming Data (2024-2026)'!$D:$D,$C61,'Streaming Data (2024-2026)'!$E:$E,I$2) -> 1588643 | J61: =SUMIFS('Streaming Data (2024-2026)'!$J:$J,'Streaming Data (2024-2026)'!$D:$D,$C61,'Streaming Data (2024-2026)'!$E:$E,J$2) -> 1602704 | L61: =IFERROR((E61-D61)/D61,0) -> -0.20835491 | M61: =IFERROR((F61-E61)/E61,0) -> 0.21456263 | N61: =IFERROR((G61-F61)/F61,0) -> -0.04123782 | O61: =IFERROR((H61-G61)/G61,0) -> -0.042082922 | P61: =IFERROR((I61-H61)/H61,0) -> -0.020342482 | Q61: =IFERROR((J61-I61)/I61,0) -> 0.0088509502 | R61: =IFERROR((J61-D61)/D61,0) -> -0.12724865 | S61: =IFERROR((J61/D61)^(1/6)-1,0) -> -0.022428748
B62: =RANK(S62,$S$53:$S$72,0) -> 10 | C62: XDuppy | D62: =SUMIFS('Streaming Data (2024-2026)'!$J:$J,'Streaming Data (2024-2026)'!$D:$D,$C62,'Streaming Data (2024-2026)'!$E:$E,D$2) -> 2700767 | E62: =SUMIFS('Streaming Data (2024-2026)'!$J:$J,'Streaming Data (2024-2026)'!$D:$D,$C62,'Streaming Data (2024-2026)'!$E:$E,E$2) -> 2134959 | F62: =SUMIFS('Streaming Data (2024-2026)'!$J:$J,'Streaming Data (2024-2026)'!$D:$D,$C62,'Streaming Data (2024-2026)'!$E:$E,F$2) -> 2176559 | G62: =SUMIFS('Streaming Data (2024-2026)'!$J:$J,'Streaming Data (2024-2026)'!$D:$D,$C62,'Streaming Data (2024-2026)'!$E:$E,G$2) -> 2250119 | H62: =SUMIFS('Streaming Data (2024-2026)'!$J:$J,'Streaming Data (2024-2026)'!$D:$D,$C62,'Streaming Data (2024-2026)'!$E:$E,H$2) -> 2491708 | I62: =SUMIFS('Streaming Data (2024-2026)'!$J:$J,'Streaming Data (2024-2026)'!$D:$D,$C62,'Streaming Data (2024-2026)'!$E:$E,I$2) -> 2405388 | J62: =SUMIFS('Streaming Data (2024-2026)'!$J:$J,'Streaming Data (2024-2026)'!$D:$D,$C62,'Streaming Data (2024-2026)'!$E:$E,J$2) -> 2281763 | L62: =IFERROR((E62-D62)/D62,0) -> -0.20949901 | M62: =IFERROR((F62-E62)/E62,0) -> 0.019485152 | N62: =IFERROR((G62-F62)/F62,0) -> 0.033796465 | O62: =IFERROR((H62-G62)/G62,0) -> 0.10736721 | P62: =IFERROR((I62-H62)/H62,0) -> -0.034642904 | Q62: =IFERROR((J62-I62)/I62,0) -> -0.051395035 | R62: =IFERROR((J62-D62)/D62,0) -> -0.15514259 | S62: =IFERROR((J62/D62)^(1/6)-1,0) -> -0.027706828
B63: =RANK(S63,$S$53:$S$72,0) -> 11 | C63: Daliwonga | D63: =SUMIFS('Streaming Data (2024-2026)'!$J:$J,'Streaming Data (2024-2026)'!$D:$D,$C63,'Streaming Data (2024-2026)'!$E:$E,D$2) -> 679926 | E63: =SUMIFS('Streaming Data (2024-2026)'!$J:$J,'Streaming Data (2024-2026)'!$D:$D,$C63,'Streaming Data (2024-2026)'!$E:$E,E$2) -> 539271 | F63: =SUMIFS('Streaming Data (2024-2026)'!$J:$J,'Streaming Data (2024-2026)'!$D:$D,$C63,'Streaming Data (2024-2026)'!$E:$E,F$2) -> 565923 | G63: =SUMIFS('Streaming Data (2024-2026)'!$J:$J,'Streaming Data (2024-2026)'!$D:$D,$C63,'Streaming Data (2024-2026)'!$E:$E,G$2) -> 601535 | H63: =SUMIFS('Streaming Data (2024-2026)'!$J:$J,'Streaming Data (2024-2026)'!$D:$D,$C63,'Streaming Data (2024-2026)'!$E:$E,H$2) -> 609846 | I63: =SUMIFS('Streaming Data (2024-2026)'!$J:$J,'Streaming Data (2024-2026)'!$D:$D,$C63,'Streaming Data (2024-2026)'!$E:$E,I$2) -> 584584 | J63: =SUMIFS('Streaming Data (2024-2026)'!$J:$J,'Streaming Data (2024-2026)'!$D:$D,$C63,'Streaming Data (2024-2026)'!$E:$E,J$2) -> 565021 | L63: =IFERROR((E63-D63)/D63,0) -> -0.2068681 | M63: =IFERROR((F63-E63)/E63,0) -> 0.049422276 | N63: =IFERROR((G63-F63)/F63,0) -> 0.062927289 | O63: =IFERROR((H63-G63)/G63,0) -> 0.01381632 | P63: =IFERROR((I63-H63)/H63,0) -> -0.041423573 | Q63: =IFERROR((J63-I63)/I63,0) -> -0.033464823 | R63: =IFERROR((J63-D63)/D63,0) -> -0.16899633 | S63: =IFERROR((J63/D63)^(1/6)-1,0) -> -0.0303824
B64: =RANK(S64,$S$53:$S$72,0) -> 12 | C64: Pcee | D64: =SUMIFS('Streaming Data (2024-2026)'!$J:$J,'Streaming Data (2024-2026)'!$D:$D,$C64,'Streaming Data (2024-2026)'!$E:$E,D$2) -> 1227036 | E64: =SUMIFS('Streaming Data (2024-2026)'!$J:$J,'Streaming Data (2024-2026)'!$D:$D,$C64,'Streaming Data (2024-2026)'!$E:$E,E$2) -> 923213 | F64: =SUMIFS('Streaming Data (2024-2026)'!$J:$J,'Streaming Data (2024-2026)'!$D:$D,$C64,'Streaming Data (2024-2026)'!$E:$E,F$2) -> 1328977 | G64: =SUMIFS('Streaming Data (2024-2026)'!$J:$J,'Streaming Data (2024-2026)'!$D:$D,$C64,'Streaming Data (2024-2026)'!$E:$E,G$2) -> 1497840 | H64: =SUMIFS('Streaming Data (2024-2026)'!$J:$J,'Streaming Data (2024-2026)'!$D:$D,$C64,'Streaming Data (2024-2026)'!$E:$E,H$2) -> 1296472 | I64: =SUMIFS('Streaming Data (2024-2026)'!$J:$J,'Streaming Data (2024-2026)'!$D:$D,$C64,'Streaming Data (2024-2026)'!$E:$E,I$2) -> 1133849 | J64: =SUMIFS('Streaming Data (2024-2026)'!$J:$J,'Streaming Data (2024-2026)'!$D:$D,$C64,'Streaming Data (2024-2026)'!$E:$E,J$2) -> 1000659 | L64: =IFERROR((E64-D64)/D64,0) -> -0.24760724 | M64: =IFERROR((F64-E64)/E64,0) -> 0.43951288 | N64: =IFERROR((G64-F64)/F64,0) -> 0.12706239 | O64: =IFERROR((H64-G64)/G64,0) -> -0.13443893 | P64: =IFERROR((I64-H64)/H64,0) -> -0.12543503 | Q64: =IFERROR((J64-I64)/I64,0) -> -0.11746714 | R64: =IFERROR((J64-D64)/D64,0) -> -0.18449092 | S64: =IFERROR((J64/D64)^(1/6)-1,0) -> -0.033419268
